{
  "bonus_chest": false,
  "dimensions": {
    "minecraft:overworld": {
      "type": "minecraft:overworld",
      "generator": {
        "biome_source": {
          "preset": "minecraft:overworld",
          "type": "minecraft:multi_noise"
        },
        "settings": "minecraft:overworld",
        "type": "minecraft:noise"
      }
    },
    "ad_astra:mercury": {
      "type": "ad_astra:mercury",
      "generator": {
        "biome_source": {
          "biomes": [
            {
              "parameters": {
                "erosion": 0.0,
                "depth": 0.0,
                "weirdness": 0.0,
                "offset": 0.0,
                "temperature": 0.0,
                "humidity": 0.0,
                "continentalness": 0.0
              },
              "biome": "ad_astra:mercury_deltas"
            }
          ],
          "type": "minecraft:multi_noise"
        },
        "settings": "ad_astra:mercury",
        "type": "minecraft:noise"
      }
    },
    "ad_astra:mars_orbit": {
      "type": "ad_astra:mars_orbit",
      "generator": {
        "biome_source": {
          "biome": "ad_astra:orbit",
          "type": "minecraft:fixed"
        },
        "settings": "ad_astra:orbit",
        "type": "minecraft:noise"
      }
    },
    "minecraft:the_nether": {
      "type": "minecraft:the_nether",
      "generator": {
        "biome_source": {
          "preset": "minecraft:nether",
          "type": "minecraft:multi_noise"
        },
        "settings": "minecraft:nether",
        "type": "minecraft:noise"
      }
    },
    "ad_astra:mercury_orbit": {
      "type": "ad_astra:mercury_orbit",
      "generator": {
        "biome_source": {
          "biome": "ad_astra:orbit",
          "type": "minecraft:fixed"
        },
        "settings": "ad_astra:orbit",
        "type": "minecraft:noise"
      }
    },
    "minecraft:the_end": {
      "type": "minecraft:the_end",
      "generator": {
        "biome_source": {
          "type": "minecraft:the_end"
        },
        "settings": "minecraft:end",
        "type": "minecraft:noise"
      }
    },
    "ad_astra:earth_orbit": {
      "type": "ad_astra:earth_orbit",
      "generator": {
        "biome_source": {
          "biome": "ad_astra:orbit",
          "type": "minecraft:fixed"
        },
        "settings": "ad_astra:orbit",
        "type": "minecraft:noise"
      }
    },
    "ad_astra:glacio": {
      "type": "ad_astra:glacio",
      "generator": {
        "biome_source": {
          "biomes": [
            {
              "parameters": {
                "erosion": 0.0,
                "depth": 0.0,
                "weirdness": -0.5,
                "offset": 0.0,
                "temperature": 1.0,
                "humidity": -1.0,
                "continentalness": 0.0
              },
              "biome": "ad_astra:glacio_snowy_barrens"
            },
            {
              "parameters": {
                "erosion": 0.0,
                "depth": 0.0,
                "weirdness": -1.5,
                "offset": 0.0,
                "temperature": -0.5,
                "humidity": 0.0,
                "continentalness": 0.0
              },
              "biome": "ad_astra:glacio_ice_peaks"
            }
          ],
          "type": "minecraft:multi_noise"
        },
        "settings": "ad_astra:glacio",
        "type": "minecraft:noise"
      }
    },
    "ad_astra:mars": {
      "type": "ad_astra:mars",
      "generator": {
        "biome_source": {
          "biomes": [
            {
              "parameters": {
                "erosion": 0.0,
                "depth": 0.0,
                "weirdness": 0.0,
                "offset": 0.175,
                "temperature": -0.5,
                "humidity": 0.0,
                "continentalness": 0.0
              },
              "biome": "ad_astra:martian_wastelands"
            },
            {
              "parameters": {
                "erosion": 0.0,
                "depth": 0.0,
                "weirdness": -0.25,
                "offset": 0.0,
                "temperature": -0.5,
                "humidity": 0.0,
                "continentalness": 0.0
              },
              "biome": "ad_astra:martian_canyon_creek"
            },
            {
              "parameters": {
                "erosion": 0.0,
                "depth": 0.0,
                "weirdness": -0.5,
                "offset": 0.0,
                "temperature": -0.5,
                "humidity": 0.0,
                "continentalness": 0.0
              },
              "biome": "ad_astra:martian_polar_caps"
            }
          ],
          "type": "minecraft:multi_noise"
        },
        "settings": "ad_astra:mars",
        "type": "minecraft:noise"
      }
    },
    "ad_astra:venus": {
      "type": "ad_astra:venus",
      "generator": {
        "biome_source": {
          "biomes": [
            {
              "parameters": {
                "erosion": 0.0,
                "depth": 0.0,
                "weirdness": -0.5,
                "offset": 0.0,
                "temperature": 1.0,
                "humidity": -1.0,
                "continentalness": 0.0
              },
              "biome": "ad_astra:venus_wastelands"
            },
            {
              "parameters": {
                "erosion": 0.0,
                "depth": 0.0,
                "weirdness": -1.5,
                "offset": 0.0,
                "temperature": 0.0,
                "humidity": 0.0,
                "continentalness": -0.65
              },
              "biome": "ad_astra:infernal_venus_barrens"
            }
          ],
          "type": "minecraft:multi_noise"
        },
        "settings": "ad_astra:venus",
        "type": "minecraft:noise"
      }
    },
    "ad_astra:glacio_orbit": {
      "type": "ad_astra:glacio_orbit",
      "generator": {
        "biome_source": {
          "biome": "ad_astra:orbit",
          "type": "minecraft:fixed"
        },
        "settings": "ad_astra:orbit",
        "type": "minecraft:noise"
      }
    },
    "ad_astra:venus_orbit": {
      "type": "ad_astra:venus_orbit",
      "generator": {
        "biome_source": {
          "biome": "ad_astra:orbit",
          "type": "minecraft:fixed"
        },
        "settings": "ad_astra:orbit",
        "type": "minecraft:noise"
      }
    },
    "ad_astra:moon": {
      "type": "ad_astra:moon",
      "generator": {
        "biome_source": {
          "biome": "ad_astra:lunar_wastelands",
          "type": "minecraft:fixed"
        },
        "settings": "ad_astra:moon",
        "type": "minecraft:noise"
      }
    },
    "ad_astra:moon_orbit": {
      "type": "ad_astra:moon_orbit",
      "generator": {
        "biome_source": {
          "biome": "ad_astra:orbit",
          "type": "minecraft:fixed"
        },
        "settings": "ad_astra:orbit",
        "type": "minecraft:noise"
      }
    },
    "lostcities:lostcity": {
      "type": "lostcities:lostcity",
      "generator": {
        "biome_source": {
          "preset": "minecraft:overworld",
          "type": "minecraft:multi_noise"
        },
        "settings": "minecraft:overworld",
        "type": "minecraft:noise"
      }
    }
  },
  "seed": -6888942967205218896,
  "generate_features": true
}