{"stats":{"minecraft:broken":{"minecraft:stone_pickaxe":1,"minecraft:wooden_axe":1},"minecraft:picked_up":{"minecraft:wooden_axe":1,"minecraft:crafting_table":5,"minecraft:iron_chestplate":1,"minecraft:clay_ball":4,"biomesoplenty:tall_lavender":4,"minecraft:redstone_torch":5,"minecraft:rose_bush":1,"minecraft:light_gray_wool":1,"biomesoplenty:wildflower":1,"minecraft:egg":1,"minecraft:furnace":1,"minecraft:stick":3,"minecraft:raw_iron":4,"minecraft:porkchop":4,"minecraft:redstone":8,"minecraft:arrow":6,"minecraft:light_gray_bed":7,"minecraft:rotten_flesh":23,"minecraft:mutton":7,"minecraft:white_wool":4,"minecraft:rail":3,"minecraft:cobblestone":62,"minecraft:oxeye_daisy":1,"biomesoplenty:lavender":23,"simpleplanes:helicopter":1,"minecraft:feather":1,"minecraft:basalt":1,"biomesoplenty:goldenrod":4,"enigmaticgraves:grave_finder":18,"minecraft:oak_log":51,"minecraft:gunpowder":3,"minecraft:dirt":129,"bunker_down:steel_block":180,"minecraft:bone":4,"minecraft:apple":1,"minecraft:stone_bricks":1,"minecraft:gray_terracotta":65,"minecraft:wheat_seeds":9,"minecraft:mossy_stone_bricks":1,"minecraft:moss_block":12,"biomesoplenty:cherry_log":3,"minecraft:sand":129,"minecraft:spruce_sapling":2,"minecraft:spruce_log":6,"bunker_down:steel_block_slab":6,"minecraft:spider_eye":1,"biomesoplenty:flowering_oak_sapling":1,"minecraft:stone_axe":1,"minecraft:lever":1,"minecraft:oak_sapling":4,"minecraft:coal":25},"minecraft:crafted":{"minecraft:oak_planks":156,"minecraft:stone_shovel":2,"minecraft:furnace":1,"minecraft:cooked_mutton":6,"minecraft:stone_pickaxe":4,"immersive_armors:wooden_helmet":1,"minecraft:wooden_shovel":1,"minecraft:crafting_table":2,"minecraft:spruce_planks":8,"minecraft:wooden_pickaxe":2,"minecraft:baked_potato":12,"immersive_armors:wooden_leggings":1,"minecraft:stone_axe":1,"minecraft:air":0,"immersive_armors:wooden_boots":1,"minecraft:stick":28,"minecraft:wooden_axe":3,"minecraft:stone_sword":2,"minecraft:white_bed":1},"minecraft:killed":{"hordes:zombie_player":2,"minecraft:skeleton":3,"minecraft:pig":4,"minecraft:salmon":1,"minecraft:sheep":5,"zombieinvasion:knight_zombie":1,"mutantmonsters:creeper_minion":1,"minecraft:zombie":6},"minecraft:killed_by":{"mutantmonsters:mutant_zombie":1,"minecraft:player":3,"minecraft:creeper":4,"minecraft:spider":3,"zombieinvasion:party_zombie":10,"hordes:zombie_player":3,"minecraft:zombie_horse":1,"minecraft:drowned":1,"mutantmonsters:mutant_creeper":2,"minecraft:vindicator":1,"minecraft:skeleton":16,"mutantmonsters:creeper_minion":1,"minecraft:zombie":6,"kevin_trophy:blister_zombie":4,"zombieinvasion:knight_zombie":11},"minecraft:custom":{"minecraft:mob_kills":26,"minecraft:interact_with_crafting_table":18,"minecraft:damage_dealt_resisted":2,"minecraft:leave_game":20,"minecraft:time_since_death":514,"minecraft:climb_one_cm":74916,"minecraft:sprint_one_cm":983581,"minecraft:walk_one_cm":1119519,"minecraft:drop":126,"minecraft:play_time":273913,"minecraft:deaths":75,"minecraft:sneak_time":3746,"minecraft:walk_under_water_one_cm":90652,"minecraft:jump":4523,"minecraft:walk_on_water_one_cm":88681,"minecraft:total_world_time":273913,"minecraft:interact_with_furnace":19,"minecraft:sleep_in_bed":13,"minecraft:time_since_rest":538,"minecraft:damage_taken":21820,"minecraft:damage_dealt":4137,"minecraft:swim_one_cm":206287,"minecraft:fly_one_cm":918989,"minecraft:player_kills":3,"minecraft:open_chest":112,"minecraft:crouch_one_cm":16576,"minecraft:fall_one_cm":151478},"minecraft:dropped":{"minecraft:wheat_seeds":7,"minecraft:oak_log":2,"biomesoplenty:lavender":14,"minecraft:feather":1,"enigmaticgraves:grave_finder":60,"minecraft:rail":3,"biomesoplenty:goldenrod":4,"minecraft:wooden_axe":1,"minecraft:rose_bush":1,"minecraft:sand":1,"minecraft:redstone":5,"minecraft:bone":4,"minecraft:stone_axe":1,"minecraft:lever":1,"minecraft:stone_shovel":1,"biomesoplenty:cherry_log":1,"minecraft:rotten_flesh":9,"minecraft:cooked_mutton":2,"biomesoplenty:wildflower":1,"minecraft:light_gray_bed":1,"minecraft:redstone_torch":1,"minecraft:spider_eye":1,"minecraft:stone_bricks":1,"minecraft:arrow":5,"minecraft:wooden_pickaxe":1,"biomesoplenty:tall_lavender":2},"minecraft:mined":{"biomesoplenty:cherry_log":2,"biomesoplenty:desert_grass":6,"minecraft:grass_block":76,"minecraft:light_gray_bed":5,"minecraft:spruce_leaves":3,"minecraft:moss_block":13,"biomesoplenty:tall_lavender":3,"minecraft:furnace":1,"minecraft:iron_ore":4,"minecraft:fire":5,"biomesoplenty:lavender":20,"bunker_down:steel_block":100,"minecraft:stone":24,"minecraft:redstone_wall_torch":1,"biomesoplenty:jacaranda_leaves":18,"biomesoplenty:wildflower":2,"minecraft:basalt":1,"minecraft:crafting_table":5,"minecraft:rose_bush":2,"minecraft:tall_grass":1,"minecraft:cobblestone":24,"biomesoplenty:huge_clover_petal":1,"biomesoplenty:goldenrod":6,"minecraft:redstone_torch":4,"bunker_down:steel_block_slab":3,"minecraft:spruce_log":7,"minecraft:smooth_stone_slab":1,"minecraft:grass":14,"biomesoplenty:clover":2,"minecraft:oak_log":40,"minecraft:coal_ore":27,"minecraft:sand":128,"minecraft:dirt":27,"minecraft:oak_leaves":12},"minecraft:used":{"minecraft:moss_block":7,"minecraft:stone_sword":3,"minecraft:stone_shovel":128,"minecraft:redstone":3,"minecraft:spruce_planks":8,"minecraft:wooden_shovel":29,"minecraft:rotten_flesh":2,"minecraft:dirt":37,"minecraft:wooden_axe":68,"biomesoplenty:tall_lavender":1,"minecraft:oak_sapling":5,"minecraft:furnace":1,"minecraft:egg":1,"minecraft:light_gray_bed":3,"minecraft:cooked_mutton":3,"minecraft:mossy_stone_bricks":1,"minecraft:stone_pickaxe":200,"minecraft:oak_planks":5,"minecraft:wooden_pickaxe":14,"biomesoplenty:flowering_oak_sapling":1,"simpleplanes:helicopter":1,"minecraft:crafting_table":5,"minecraft:redstone_torch":5,"minecraft:gray_terracotta":25,"bunker_down:steel_block":80,"bunker_down:steel_block_slab":6,"minecraft:apple":1,"minecraft:spruce_sapling":2,"minecraft:stone_axe":22,"minecraft:cobblestone":2}},"DataVersion":3120}