{"stats":{"minecraft:dropped":{"enigmaticgraves:grave_finder":1,"minecraft:wheat_seeds":1},"minecraft:picked_up":{"biomesoplenty:tall_lavender":1,"minecraft:wheat_seeds":1},"minecraft:used":{"biomesoplenty:tall_lavender":1},"minecraft:custom":{"minecraft:jump":21,"minecraft:open_chest":1,"minecraft:time_since_rest":1954,"minecraft:sprint_one_cm":1204,"minecraft:deaths":1,"minecraft:play_time":5847,"minecraft:damage_taken":270,"minecraft:time_since_death":1930,"minecraft:walk_one_cm":8594,"minecraft:climb_one_cm":13748,"minecraft:total_world_time":5847,"minecraft:drop":2,"minecraft:fall_one_cm":2948,"minecraft:fly_one_cm":2825}},"DataVersion":3120}