{"stats":{"minecraft:killed_by":{"minecraft:player":1,"minecraft:skeleton":3,"minecraft:creeper":1,"minecraft:zombie":2,"kevin_trophy:blister_zombie":2,"zombieinvasion:party_zombie":3,"zombieinvasion:knight_zombie":7},"minecraft:mined":{"biomesoplenty:jacaranda_leaves":18,"biomesoplenty:cherry_log":2,"biomesoplenty:wildflower":2,"biomesoplenty:desert_grass":6,"minecraft:crafting_table":5,"minecraft:grass_block":14,"minecraft:light_gray_bed":3,"minecraft:tall_grass":1,"minecraft:spruce_leaves":2,"biomesoplenty:huge_clover_petal":1,"biomesoplenty:tall_lavender":3,"minecraft:furnace":1,"minecraft:iron_ore":4,"minecraft:redstone_torch":4,"biomesoplenty:lavender":18,"minecraft:spruce_log":5,"minecraft:smooth_stone_slab":1,"minecraft:grass":6,"biomesoplenty:clover":2,"minecraft:coal_ore":3,"minecraft:oak_log":24,"minecraft:dirt":11,"minecraft:stone":21,"minecraft:oak_leaves":1,"minecraft:redstone_wall_torch":1},"minecraft:killed":{"minecraft:pig":3,"minecraft:sheep":2,"minecraft:skeleton":3,"zombieinvasion:knight_zombie":1,"minecraft:zombie":1},"minecraft:dropped":{"minecraft:stone_axe":1,"minecraft:wheat_seeds":1,"biomesoplenty:lavender":13,"biomesoplenty:cherry_log":1,"minecraft:rotten_flesh":1,"enigmaticgraves:grave_finder":5,"minecraft:rail":3,"minecraft:wooden_axe":1,"biomesoplenty:wildflower":1,"minecraft:light_gray_bed":1,"minecraft:redstone_torch":1,"minecraft:arrow":5,"minecraft:wooden_pickaxe":1,"biomesoplenty:tall_lavender":2,"minecraft:bone":4},"minecraft:crafted":{"minecraft:oak_planks":52,"minecraft:crafting_table":2,"minecraft:wooden_pickaxe":2,"immersive_armors:wooden_leggings":1,"minecraft:furnace":1,"minecraft:stone_axe":1,"minecraft:cooked_mutton":4,"minecraft:air":0,"immersive_armors:wooden_boots":1,"minecraft:stick":24,"minecraft:stone_pickaxe":2,"minecraft:wooden_axe":2,"minecraft:stone_sword":1,"minecraft:white_bed":1,"immersive_armors:wooden_helmet":1},"minecraft:used":{"minecraft:cooked_mutton":2,"minecraft:mossy_stone_bricks":1,"minecraft:stone_sword":2,"minecraft:stone_pickaxe":17,"minecraft:oak_planks":1,"minecraft:wooden_pickaxe":14,"biomesoplenty:flowering_oak_sapling":1,"minecraft:rotten_flesh":1,"minecraft:dirt":20,"minecraft:crafting_table":5,"minecraft:redstone_torch":4,"minecraft:wooden_axe":31,"biomesoplenty:tall_lavender":1,"minecraft:spruce_sapling":2,"minecraft:stone_axe":22,"minecraft:furnace":1,"minecraft:oak_sapling":1,"minecraft:light_gray_bed":1},"minecraft:picked_up":{"minecraft:wooden_axe":1,"biomesoplenty:lavender":13,"minecraft:crafting_table":5,"minecraft:iron_chestplate":1,"minecraft:oak_log":23,"enigmaticgraves:grave_finder":1,"minecraft:dirt":32,"biomesoplenty:tall_lavender":3,"minecraft:bone":4,"minecraft:wheat_seeds":1,"minecraft:redstone_torch":5,"minecraft:mossy_stone_bricks":1,"biomesoplenty:wildflower":1,"biomesoplenty:cherry_log":3,"minecraft:furnace":1,"minecraft:raw_iron":4,"minecraft:porkchop":3,"minecraft:spruce_sapling":2,"minecraft:spruce_log":4,"biomesoplenty:flowering_oak_sapling":1,"minecraft:arrow":5,"minecraft:light_gray_bed":5,"minecraft:rotten_flesh":2,"minecraft:stone_axe":1,"minecraft:oak_sapling":1,"minecraft:coal":3,"minecraft:mutton":4,"minecraft:white_wool":3,"minecraft:rail":3,"minecraft:cobblestone":21},"minecraft:custom":{"minecraft:interact_with_furnace":4,"minecraft:mob_kills":13,"minecraft:interact_with_crafting_table":10,"minecraft:leave_game":1,"minecraft:time_since_death":4377,"minecraft:sleep_in_bed":5,"minecraft:climb_one_cm":63747,"minecraft:time_since_rest":4400,"minecraft:sprint_one_cm":277951,"minecraft:damage_taken":6940,"minecraft:walk_one_cm":467769,"minecraft:drop":38,"minecraft:damage_dealt":2311,"minecraft:swim_one_cm":62246,"minecraft:fly_one_cm":347439,"minecraft:player_kills":1,"minecraft:open_chest":3,"minecraft:crouch_one_cm":178,"minecraft:play_time":97178,"minecraft:deaths":22,"minecraft:sneak_time":54,"minecraft:walk_under_water_one_cm":8137,"minecraft:jump":1918,"minecraft:walk_on_water_one_cm":18980,"minecraft:total_world_time":97178,"minecraft:fall_one_cm":51327}},"DataVersion":3120}