{"stats":{"minecraft:picked_up":{"minecraft:wooden_axe":1,"minecraft:crafting_table":5,"minecraft:iron_chestplate":1,"minecraft:clay_ball":4,"biomesoplenty:tall_lavender":4,"minecraft:redstone_torch":5,"minecraft:rose_bush":1,"minecraft:light_gray_wool":1,"biomesoplenty:wildflower":1,"minecraft:egg":1,"minecraft:furnace":1,"minecraft:stick":2,"minecraft:raw_iron":4,"minecraft:porkchop":4,"minecraft:arrow":6,"minecraft:light_gray_bed":7,"minecraft:rotten_flesh":15,"minecraft:mutton":7,"minecraft:white_wool":4,"minecraft:rail":3,"minecraft:cobblestone":62,"minecraft:oxeye_daisy":1,"biomesoplenty:lavender":23,"simpleplanes:helicopter":1,"minecraft:basalt":1,"biomesoplenty:goldenrod":4,"enigmaticgraves:grave_finder":14,"minecraft:oak_log":29,"minecraft:gunpowder":3,"minecraft:dirt":127,"minecraft:bone":4,"minecraft:stone_bricks":1,"minecraft:gray_terracotta":65,"minecraft:wheat_seeds":8,"minecraft:mossy_stone_bricks":1,"minecraft:moss_block":12,"biomesoplenty:cherry_log":3,"minecraft:sand":129,"minecraft:spruce_sapling":2,"minecraft:spruce_log":6,"minecraft:spider_eye":1,"biomesoplenty:flowering_oak_sapling":1,"minecraft:stone_axe":1,"minecraft:oak_sapling":1,"minecraft:coal":25},"minecraft:crafted":{"minecraft:oak_planks":68,"minecraft:stone_shovel":2,"minecraft:furnace":1,"minecraft:cooked_mutton":6,"minecraft:stone_pickaxe":3,"immersive_armors:wooden_helmet":1,"minecraft:wooden_shovel":1,"minecraft:crafting_table":2,"minecraft:spruce_planks":8,"minecraft:wooden_pickaxe":2,"minecraft:baked_potato":12,"immersive_armors:wooden_leggings":1,"minecraft:stone_axe":1,"minecraft:air":0,"immersive_armors:wooden_boots":1,"minecraft:stick":24,"minecraft:wooden_axe":2,"minecraft:stone_sword":1,"minecraft:white_bed":1},"minecraft:killed":{"hordes:zombie_player":1,"minecraft:skeleton":3,"minecraft:pig":4,"minecraft:salmon":1,"minecraft:sheep":5,"zombieinvasion:knight_zombie":1,"mutantmonsters:creeper_minion":1,"minecraft:zombie":2},"minecraft:killed_by":{"mutantmonsters:mutant_zombie":1,"minecraft:player":3,"minecraft:creeper":4,"minecraft:spider":3,"zombieinvasion:party_zombie":10,"hordes:zombie_player":3,"minecraft:zombie_horse":1,"minecraft:drowned":1,"mutantmonsters:mutant_creeper":2,"minecraft:skeleton":16,"mutantmonsters:creeper_minion":1,"minecraft:zombie":3,"kevin_trophy:blister_zombie":4,"zombieinvasion:knight_zombie":11},"minecraft:custom":{"minecraft:mob_kills":21,"minecraft:interact_with_crafting_table":15,"minecraft:damage_dealt_resisted":2,"minecraft:leave_game":20,"minecraft:time_since_death":11620,"minecraft:climb_one_cm":72142,"minecraft:sprint_one_cm":915142,"minecraft:walk_one_cm":1068372,"minecraft:drop":106,"minecraft:play_time":255913,"minecraft:deaths":71,"minecraft:sneak_time":2039,"minecraft:walk_under_water_one_cm":86295,"minecraft:jump":4392,"minecraft:walk_on_water_one_cm":83521,"minecraft:total_world_time":255913,"minecraft:interact_with_furnace":14,"minecraft:sleep_in_bed":13,"minecraft:time_since_rest":11646,"minecraft:damage_taken":20850,"minecraft:damage_dealt":3643,"minecraft:swim_one_cm":187309,"minecraft:fly_one_cm":897166,"minecraft:player_kills":3,"minecraft:open_chest":67,"minecraft:crouch_one_cm":6825,"minecraft:fall_one_cm":148629},"minecraft:dropped":{"minecraft:wheat_seeds":6,"minecraft:oak_log":2,"biomesoplenty:lavender":14,"enigmaticgraves:grave_finder":52,"minecraft:rail":3,"biomesoplenty:goldenrod":4,"minecraft:wooden_axe":1,"minecraft:rose_bush":1,"minecraft:sand":1,"minecraft:bone":4,"minecraft:stone_axe":1,"minecraft:stone_shovel":1,"biomesoplenty:cherry_log":1,"minecraft:rotten_flesh":5,"minecraft:cooked_mutton":2,"biomesoplenty:wildflower":1,"minecraft:light_gray_bed":1,"minecraft:redstone_torch":1,"minecraft:spider_eye":1,"minecraft:stone_bricks":1,"minecraft:arrow":5,"minecraft:wooden_pickaxe":1,"biomesoplenty:tall_lavender":2},"minecraft:mined":{"biomesoplenty:cherry_log":2,"biomesoplenty:desert_grass":6,"minecraft:grass_block":74,"minecraft:light_gray_bed":5,"minecraft:spruce_leaves":3,"minecraft:moss_block":13,"biomesoplenty:tall_lavender":3,"minecraft:furnace":1,"minecraft:iron_ore":4,"minecraft:fire":5,"biomesoplenty:lavender":20,"minecraft:stone":24,"minecraft:redstone_wall_torch":1,"biomesoplenty:jacaranda_leaves":18,"biomesoplenty:wildflower":2,"minecraft:basalt":1,"minecraft:crafting_table":5,"minecraft:rose_bush":2,"minecraft:tall_grass":1,"minecraft:cobblestone":24,"biomesoplenty:huge_clover_petal":1,"biomesoplenty:goldenrod":6,"minecraft:redstone_torch":4,"minecraft:spruce_log":7,"minecraft:smooth_stone_slab":1,"minecraft:grass":12,"biomesoplenty:clover":2,"minecraft:oak_log":26,"minecraft:coal_ore":27,"minecraft:sand":128,"minecraft:dirt":27,"minecraft:oak_leaves":6},"minecraft:used":{"minecraft:moss_block":7,"minecraft:stone_sword":3,"minecraft:stone_shovel":128,"minecraft:spruce_planks":8,"minecraft:wooden_shovel":29,"minecraft:rotten_flesh":2,"minecraft:dirt":35,"minecraft:wooden_axe":31,"biomesoplenty:tall_lavender":1,"minecraft:oak_sapling":1,"minecraft:furnace":1,"minecraft:egg":1,"minecraft:light_gray_bed":3,"minecraft:cooked_mutton":3,"minecraft:mossy_stone_bricks":1,"minecraft:stone_pickaxe":83,"minecraft:oak_planks":5,"minecraft:wooden_pickaxe":14,"biomesoplenty:flowering_oak_sapling":1,"simpleplanes:helicopter":1,"minecraft:crafting_table":5,"minecraft:redstone_torch":5,"minecraft:gray_terracotta":25,"minecraft:spruce_sapling":2,"minecraft:stone_axe":22,"minecraft:cobblestone":2}},"DataVersion":3120}