{"stats":{"minecraft:broken":{"minecraft:stone_pickaxe":1,"minecraft:wooden_axe":1},"minecraft:picked_up":{"minecraft:wooden_axe":1,"minecraft:crafting_table":5,"minecraft:iron_chestplate":1,"minecraft:clay_ball":4,"biomesoplenty:tall_lavender":4,"minecraft:redstone_torch":6,"minecraft:rose_bush":3,"minecraft:light_gray_wool":1,"biomesoplenty:wildflower":1,"minecraft:piston":3,"minecraft:furnace":1,"minecraft:egg":1,"minecraft:stick":7,"minecraft:raw_iron":4,"minecraft:porkchop":4,"minecraft:redstone":16,"minecraft:arrow":6,"minecraft:light_gray_bed":7,"minecraft:rotten_flesh":33,"minecraft:mutton":7,"minecraft:rail":3,"minecraft:white_wool":4,"minecraft:cobblestone":66,"minecraft:oxeye_daisy":1,"biomesoplenty:lavender":23,"minecraft:basalt":1,"simpleplanes:helicopter":1,"minecraft:feather":1,"minecraft:repeater":2,"biomesoplenty:goldenrod":4,"bunker_down:steel_vent":1,"minecraft:oak_log":51,"enigmaticgraves:grave_finder":18,"minecraft:gunpowder":3,"minecraft:dirt":129,"bunker_down:steel_block":284,"minecraft:bone":4,"minecraft:apple":1,"minecraft:stone_bricks":1,"minecraft:gray_terracotta":65,"minecraft:wheat_seeds":9,"minecraft:iron_ingot":1,"minecraft:mossy_stone_bricks":1,"minecraft:moss_block":12,"biomesoplenty:cherry_log":3,"minecraft:sand":129,"minecraft:spruce_sapling":2,"minecraft:spruce_log":6,"minecraft:spider_eye":1,"bunker_down:steel_block_slab":6,"biomesoplenty:flowering_oak_sapling":1,"minecraft:light_gray_concrete":2,"minecraft:stone_axe":1,"minecraft:lever":1,"minecraft:oak_sapling":4,"minecraft:coal":25},"minecraft:crafted":{"minecraft:oak_planks":156,"minecraft:stone_shovel":2,"minecraft:furnace":1,"minecraft:cooked_mutton":6,"minecraft:stone_pickaxe":5,"immersive_armors:wooden_helmet":1,"minecraft:wooden_shovel":1,"minecraft:crafting_table":2,"minecraft:spruce_planks":8,"minecraft:baked_potato":12,"minecraft:wooden_pickaxe":2,"immersive_armors:wooden_leggings":1,"minecraft:stone_axe":1,"minecraft:air":0,"immersive_armors:wooden_boots":1,"minecraft:stick":28,"minecraft:wooden_axe":3,"minecraft:stone_sword":4,"minecraft:white_bed":1},"minecraft:killed":{"hordes:zombie_player":6,"minecraft:skeleton":3,"minecraft:pig":4,"minecraft:salmon":1,"minecraft:sheep":5,"zombieinvasion:knight_zombie":1,"mutantmonsters:creeper_minion":1,"minecraft:zombie":6},"minecraft:killed_by":{"mutantmonsters:mutant_zombie":1,"minecraft:player":3,"minecraft:creeper":5,"minecraft:spider":3,"zombieinvasion:party_zombie":10,"hordes:zombie_player":3,"minecraft:zombie_horse":1,"minecraft:drowned":1,"mutantmonsters:mutant_creeper":2,"minecraft:vindicator":2,"minecraft:skeleton":17,"mutantmonsters:creeper_minion":1,"minecraft:zombie":6,"kevin_trophy:blister_zombie":5,"zombieinvasion:knight_zombie":11},"minecraft:custom":{"minecraft:mob_kills":33,"minecraft:interact_with_crafting_table":20,"minecraft:damage_dealt_resisted":2,"minecraft:leave_game":21,"minecraft:time_since_death":4116,"minecraft:climb_one_cm":86118,"minecraft:sprint_one_cm":1034418,"minecraft:walk_one_cm":1148125,"minecraft:drop":136,"minecraft:play_time":290096,"minecraft:deaths":80,"minecraft:sneak_time":4641,"minecraft:walk_under_water_one_cm":93756,"minecraft:jump":4703,"minecraft:walk_on_water_one_cm":91400,"minecraft:total_world_time":290096,"minecraft:interact_with_furnace":19,"minecraft:sleep_in_bed":13,"minecraft:time_since_rest":4147,"minecraft:damage_taken":23340,"minecraft:damage_dealt":4926,"minecraft:swim_one_cm":224834,"minecraft:fly_one_cm":945127,"minecraft:player_kills":3,"minecraft:open_chest":119,"minecraft:crouch_one_cm":18277,"minecraft:fall_one_cm":160344},"minecraft:dropped":{"minecraft:wheat_seeds":7,"minecraft:oak_log":2,"biomesoplenty:lavender":14,"minecraft:feather":1,"enigmaticgraves:grave_finder":65,"minecraft:rail":3,"biomesoplenty:goldenrod":4,"minecraft:wooden_axe":1,"minecraft:rose_bush":1,"minecraft:sand":1,"minecraft:redstone":5,"minecraft:bone":4,"minecraft:stone_axe":1,"minecraft:lever":1,"biomesoplenty:cherry_log":1,"minecraft:stone_shovel":1,"minecraft:rotten_flesh":14,"minecraft:cooked_mutton":2,"biomesoplenty:wildflower":1,"minecraft:light_gray_bed":1,"minecraft:redstone_torch":1,"minecraft:stone_bricks":1,"minecraft:spider_eye":1,"minecraft:arrow":5,"minecraft:wooden_pickaxe":1,"biomesoplenty:tall_lavender":2},"minecraft:mined":{"biomesoplenty:cherry_log":2,"biomesoplenty:desert_grass":6,"minecraft:grass_block":76,"minecraft:light_gray_bed":5,"minecraft:redstone_wire":1,"minecraft:spruce_leaves":3,"minecraft:moss_block":13,"biomesoplenty:tall_lavender":3,"minecraft:furnace":1,"minecraft:iron_ore":4,"minecraft:fire":5,"biomesoplenty:lavender":20,"bunker_down:steel_block":104,"minecraft:stone":28,"minecraft:redstone_wall_torch":1,"biomesoplenty:jacaranda_leaves":18,"biomesoplenty:wildflower":2,"minecraft:basalt":1,"minecraft:crafting_table":5,"minecraft:rose_bush":2,"minecraft:tall_grass":1,"minecraft:cobblestone":24,"biomesoplenty:huge_clover_petal":1,"biomesoplenty:goldenrod":6,"minecraft:redstone_torch":5,"bunker_down:steel_block_slab":3,"minecraft:spruce_log":7,"minecraft:smooth_stone_slab":1,"minecraft:grass":15,"biomesoplenty:clover":2,"minecraft:oak_log":40,"minecraft:coal_ore":27,"minecraft:sand":128,"minecraft:dirt":27,"minecraft:oak_leaves":12},"minecraft:used":{"minecraft:moss_block":7,"minecraft:stone_sword":23,"minecraft:stone_shovel":128,"minecraft:redstone":4,"minecraft:spruce_planks":8,"minecraft:wooden_shovel":29,"minecraft:rotten_flesh":2,"minecraft:dirt":37,"minecraft:wooden_axe":68,"biomesoplenty:tall_lavender":1,"minecraft:oak_sapling":5,"minecraft:furnace":1,"minecraft:egg":1,"minecraft:light_gray_bed":3,"bunker_down:steel_vent":1,"minecraft:cooked_mutton":3,"minecraft:mossy_stone_bricks":1,"minecraft:stone_pickaxe":208,"minecraft:oak_planks":5,"minecraft:wooden_pickaxe":14,"biomesoplenty:flowering_oak_sapling":1,"simpleplanes:helicopter":1,"minecraft:crafting_table":5,"minecraft:redstone_torch":6,"minecraft:gray_terracotta":25,"bunker_down:steel_block":83,"bunker_down:steel_block_slab":6,"minecraft:apple":1,"minecraft:spruce_sapling":2,"minecraft:stone_axe":22,"minecraft:cobblestone":2}},"DataVersion":3120}