{"stats":{"minecraft:killed_by":{"zombieinvasion:party_zombie":1,"minecraft:player":1,"zombieinvasion:knight_zombie":6,"minecraft:skeleton":3,"minecraft:zombie":1},"minecraft:mined":{"biomesoplenty:jacaranda_leaves":18,"biomesoplenty:cherry_log":2,"minecraft:redstone_torch":1,"minecraft:spruce_log":5,"minecraft:crafting_table":1,"minecraft:smooth_stone_slab":1,"minecraft:oak_log":19,"minecraft:light_gray_bed":3,"minecraft:spruce_leaves":2,"minecraft:stone":9,"minecraft:oak_leaves":1},"minecraft:killed":{"zombieinvasion:knight_zombie":1,"minecraft:zombie":1},"minecraft:dropped":{"minecraft:stone_axe":1,"minecraft:wheat_seeds":1,"minecraft:light_gray_bed":1,"biomesoplenty:cherry_log":1,"minecraft:rotten_flesh":1,"minecraft:redstone_torch":1,"enigmaticgraves:grave_finder":2,"minecraft:rail":3,"biomesoplenty:tall_lavender":1},"minecraft:crafted":{"immersive_armors:wooden_boots":1,"minecraft:oak_planks":32,"minecraft:crafting_table":1,"immersive_armors:wooden_leggings":1,"minecraft:stone_pickaxe":1,"minecraft:stick":16,"minecraft:stone_sword":1,"minecraft:wooden_pickaxe":1,"minecraft:wooden_axe":1,"immersive_armors:wooden_helmet":1,"minecraft:stone_axe":1},"minecraft:used":{"minecraft:wooden_axe":27,"minecraft:mossy_stone_bricks":1,"minecraft:stone_sword":1,"biomesoplenty:tall_lavender":1,"minecraft:wooden_pickaxe":10,"minecraft:spruce_sapling":2,"biomesoplenty:flowering_oak_sapling":1,"minecraft:rotten_flesh":1,"minecraft:stone_axe":21,"minecraft:crafting_table":1,"minecraft:oak_sapling":1,"minecraft:light_gray_bed":1},"minecraft:picked_up":{"minecraft:iron_chestplate":1,"minecraft:crafting_table":1,"minecraft:oak_log":18,"minecraft:spruce_sapling":2,"minecraft:spruce_log":4,"biomesoplenty:flowering_oak_sapling":1,"biomesoplenty:tall_lavender":2,"minecraft:light_gray_bed":5,"minecraft:rotten_flesh":2,"minecraft:stone_axe":1,"minecraft:wheat_seeds":1,"minecraft:redstone_torch":1,"minecraft:mossy_stone_bricks":1,"minecraft:oak_sapling":1,"biomesoplenty:cherry_log":3,"minecraft:rail":3,"minecraft:cobblestone":9},"minecraft:custom":{"minecraft:time_since_rest":947,"minecraft:sprint_one_cm":169663,"minecraft:damage_taken":4453,"minecraft:walk_one_cm":249921,"minecraft:mob_kills":4,"minecraft:drop":12,"minecraft:damage_dealt":1077,"minecraft:swim_one_cm":13503,"minecraft:interact_with_crafting_table":6,"minecraft:player_kills":1,"minecraft:fly_one_cm":224943,"minecraft:open_chest":2,"minecraft:crouch_one_cm":178,"minecraft:play_time":55287,"minecraft:sneak_time":50,"minecraft:deaths":14,"minecraft:walk_under_water_one_cm":1096,"minecraft:jump":1032,"minecraft:leave_game":1,"minecraft:walk_on_water_one_cm":5334,"minecraft:time_since_death":906,"minecraft:climb_one_cm":63747,"minecraft:sleep_in_bed":5,"minecraft:total_world_time":55287,"minecraft:fall_one_cm":25294}},"DataVersion":3120}