{"stats":{"minecraft:mined":{"minecraft:light_gray_bed":3,"minecraft:redstone_torch":1},"minecraft:killed_by":{"zombieinvasion:knight_zombie":2,"minecraft:skeleton":1},"minecraft:dropped":{"minecraft:redstone_torch":1,"enigmaticgraves:grave_finder":2,"minecraft:wheat_seeds":1},"minecraft:used":{"biomesoplenty:tall_lavender":1},"minecraft:picked_up":{"biomesoplenty:tall_lavender":1,"minecraft:light_gray_bed":4,"minecraft:wheat_seeds":1,"minecraft:redstone_torch":1},"minecraft:custom":{"minecraft:time_since_rest":519,"minecraft:open_chest":2,"minecraft:crouch_one_cm":24,"minecraft:play_time":23847,"minecraft:sprint_one_cm":48698,"minecraft:walk_one_cm":134336,"minecraft:damage_taken":1145,"minecraft:deaths":4,"minecraft:sneak_time":3,"minecraft:walk_under_water_one_cm":346,"minecraft:drop":4,"minecraft:jump":406,"minecraft:damage_dealt":171,"minecraft:time_since_death":491,"minecraft:walk_on_water_one_cm":4135,"minecraft:total_world_time":23847,"minecraft:climb_one_cm":43560,"minecraft:swim_one_cm":6987,"minecraft:fall_one_cm":11522,"minecraft:fly_one_cm":102770}},"DataVersion":3120}