{"stats":{"minecraft:killed_by":{"zombieinvasion:party_zombie":1,"minecraft:player":1,"zombieinvasion:knight_zombie":4,"minecraft:skeleton":2,"minecraft:zombie":1},"minecraft:mined":{"biomesoplenty:jacaranda_leaves":18,"minecraft:redstone_torch":1,"minecraft:crafting_table":1,"minecraft:oak_log":3,"minecraft:light_gray_bed":3},"minecraft:killed":{"zombieinvasion:knight_zombie":1,"minecraft:zombie":1},"minecraft:dropped":{"minecraft:wheat_seeds":1,"minecraft:light_gray_bed":1,"biomesoplenty:cherry_log":1,"minecraft:rotten_flesh":1,"minecraft:redstone_torch":1,"enigmaticgraves:grave_finder":2,"minecraft:rail":3,"biomesoplenty:tall_lavender":1},"minecraft:crafted":{"minecraft:oak_planks":12,"minecraft:crafting_table":1,"minecraft:stick":8,"minecraft:wooden_axe":1},"minecraft:used":{"minecraft:wooden_axe":27,"minecraft:mossy_stone_bricks":1,"biomesoplenty:tall_lavender":1,"minecraft:rotten_flesh":1,"minecraft:crafting_table":1,"minecraft:light_gray_bed":1},"minecraft:picked_up":{"minecraft:iron_chestplate":1,"minecraft:crafting_table":1,"minecraft:oak_log":3,"biomesoplenty:tall_lavender":2,"minecraft:light_gray_bed":5,"minecraft:rotten_flesh":2,"minecraft:wheat_seeds":1,"minecraft:redstone_torch":1,"minecraft:mossy_stone_bricks":1,"biomesoplenty:cherry_log":1,"minecraft:rail":3},"minecraft:custom":{"minecraft:time_since_rest":1877,"minecraft:sprint_one_cm":124240,"minecraft:damage_taken":3394,"minecraft:walk_one_cm":236129,"minecraft:mob_kills":2,"minecraft:drop":11,"minecraft:damage_dealt":1010,"minecraft:swim_one_cm":13503,"minecraft:interact_with_crafting_table":1,"minecraft:player_kills":1,"minecraft:fly_one_cm":205428,"minecraft:open_chest":2,"minecraft:crouch_one_cm":178,"minecraft:play_time":47847,"minecraft:sneak_time":50,"minecraft:deaths":11,"minecraft:walk_under_water_one_cm":1096,"minecraft:jump":921,"minecraft:walk_on_water_one_cm":5334,"minecraft:time_since_death":1852,"minecraft:climb_one_cm":63747,"minecraft:sleep_in_bed":5,"minecraft:total_world_time":47847,"minecraft:fall_one_cm":24340}},"DataVersion":3120}