{"stats":{"minecraft:killed_by":{"minecraft:player":1,"minecraft:skeleton":3,"minecraft:creeper":1,"minecraft:zombie":2,"kevin_trophy:blister_zombie":1,"zombieinvasion:party_zombie":1,"zombieinvasion:knight_zombie":7},"minecraft:mined":{"biomesoplenty:jacaranda_leaves":18,"biomesoplenty:cherry_log":2,"minecraft:crafting_table":1,"minecraft:grass_block":8,"minecraft:light_gray_bed":3,"minecraft:spruce_leaves":2,"minecraft:redstone_torch":4,"minecraft:spruce_log":5,"minecraft:smooth_stone_slab":1,"minecraft:oak_log":19,"minecraft:dirt":1,"minecraft:stone":9,"minecraft:oak_leaves":1,"minecraft:redstone_wall_torch":1},"minecraft:killed":{"zombieinvasion:knight_zombie":1,"minecraft:zombie":1},"minecraft:dropped":{"minecraft:stone_axe":1,"minecraft:wheat_seeds":1,"biomesoplenty:cherry_log":1,"minecraft:rotten_flesh":1,"enigmaticgraves:grave_finder":2,"minecraft:rail":3,"minecraft:light_gray_bed":1,"minecraft:redstone_torch":1,"biomesoplenty:tall_lavender":1},"minecraft:crafted":{"minecraft:oak_planks":32,"minecraft:crafting_table":1,"minecraft:wooden_pickaxe":1,"immersive_armors:wooden_leggings":1,"minecraft:stone_axe":1,"immersive_armors:wooden_boots":1,"minecraft:stick":16,"minecraft:stone_pickaxe":1,"minecraft:wooden_axe":1,"minecraft:stone_sword":1,"immersive_armors:wooden_helmet":1},"minecraft:used":{"minecraft:mossy_stone_bricks":1,"minecraft:stone_sword":1,"minecraft:wooden_pickaxe":10,"biomesoplenty:flowering_oak_sapling":1,"minecraft:rotten_flesh":1,"minecraft:dirt":6,"minecraft:crafting_table":1,"minecraft:redstone_torch":4,"minecraft:wooden_axe":27,"biomesoplenty:tall_lavender":1,"minecraft:spruce_sapling":2,"minecraft:stone_axe":21,"minecraft:oak_sapling":1,"minecraft:light_gray_bed":1},"minecraft:picked_up":{"minecraft:crafting_table":1,"minecraft:iron_chestplate":1,"minecraft:oak_log":18,"minecraft:dirt":9,"biomesoplenty:tall_lavender":2,"minecraft:wheat_seeds":1,"minecraft:redstone_torch":5,"minecraft:mossy_stone_bricks":1,"biomesoplenty:cherry_log":3,"minecraft:spruce_sapling":2,"minecraft:spruce_log":4,"biomesoplenty:flowering_oak_sapling":1,"minecraft:light_gray_bed":5,"minecraft:rotten_flesh":2,"minecraft:stone_axe":1,"minecraft:oak_sapling":1,"minecraft:rail":3,"minecraft:cobblestone":9},"minecraft:custom":{"minecraft:mob_kills":4,"minecraft:interact_with_crafting_table":6,"minecraft:leave_game":1,"minecraft:time_since_death":4678,"minecraft:sleep_in_bed":5,"minecraft:climb_one_cm":63747,"minecraft:time_since_rest":4700,"minecraft:sprint_one_cm":209101,"minecraft:damage_taken":5664,"minecraft:walk_one_cm":302235,"minecraft:drop":12,"minecraft:damage_dealt":1086,"minecraft:swim_one_cm":34901,"minecraft:fly_one_cm":281411,"minecraft:player_kills":1,"minecraft:open_chest":2,"minecraft:crouch_one_cm":178,"minecraft:play_time":67178,"minecraft:deaths":18,"minecraft:sneak_time":50,"minecraft:walk_under_water_one_cm":2763,"minecraft:jump":1397,"minecraft:walk_on_water_one_cm":13815,"minecraft:total_world_time":67178,"minecraft:fall_one_cm":34800}},"DataVersion":3120}