{"stats":{"minecraft:killed_by":{"minecraft:player":5,"minecraft:stray":1,"minecraft:creeper":7,"minecraft:spider":4,"zombieinvasion:party_zombie":2,"hordes:zombie_player":5,"zombieinvasion:floaty_zombie":1,"minecraft:zombie_horse":1,"kevin_trophy:crawler_zombie":1,"mutantmonsters:mutant_creeper":3,"minecraft:skeleton":8,"mutantmonsters:creeper_minion":2,"minecraft:zombie":11,"zombieinvasion:knight_zombie":7},"minecraft:mined":{"minecraft:white_bed":2,"minecraft:blue_stained_glass_pane":2,"minecraft:sculk_vein":2,"minecraft:dark_oak_log":13,"minecraft:brewing_stand":2,"horror_element_mod:hanging_villager":1,"minecraft:gray_stained_glass_pane":2,"minecraft:ladder":10,"minecraft:granite":11,"biomesoplenty:bush":2,"minecraft:grass_block":13,"minecraft:light_gray_bed":2,"minecraft:spawner":15,"minecraft:light_blue_stained_glass":3,"minecraft:tall_seagrass":1,"biomesoplenty:jacaranda_log":6,"biomesoplenty:tall_lavender":11,"minecraft:furnace":3,"minecraft:carrots":1,"minecraft:barrel":1,"biomesoplenty:lavender":11,"minecraft:anvil":1,"minecraft:potatoes":1,"biomesoplenty:webbing":5,"minecraft:iron_bars":7,"minecraft:rail":6,"horror_element_mod:blood_7":1,"minecraft:stone":119,"minecraft:redstone_wall_torch":3,"minecraft:gray_terracotta":2,"minecraft:quartz_block":9,"minecraft:cyan_terracotta":5,"minecraft:smoker":1,"minecraft:dandelion":1,"minecraft:blue_stained_glass":2,"minecraft:soul_lantern":7,"minecraft:crafting_table":6,"minecraft:blast_furnace":1,"minecraft:chest":2,"minecraft:gray_stained_glass":6,"minecraft:white_stained_glass_pane":4,"minecraft:copper_ore":4,"minecraft:tall_grass":9,"minecraft:glass":13,"minecraft:cobblestone":61,"minecraft:iron_door":2,"minecraft:wall_torch":3,"minecraft:cauldron":1,"minecraft:chain":2,"minecraft:cobblestone_wall":3,"minecraft:birch_log":11,"minecraft:redstone_torch":2,"horror_element_mod:spiked_villager":2,"minecraft:birch_leaves":1,"minecraft:stone_brick_stairs":1,"minecraft:yellow_bed":2,"minecraft:smooth_stone_slab":2,"minecraft:grass":13,"minecraft:coal_ore":3,"minecraft:oak_log":23,"minecraft:beetroots":2,"minecraft:dirt":25,"minecraft:cobweb":1,"minecraft:cracked_stone_bricks":2,"minecraft:stone_bricks":6,"minecraft:mossy_stone_bricks":1,"create:crimsite":9,"minecraft:oak_leaves":3,"minecraft:fern":1},"minecraft:killed":{"minecraft:cave_spider":1,"hordes:zombie_player":21,"minecraft:spider":30,"minecraft:zombie_horse":1,"minecraft:skeleton":18,"minecraft:drowned":1,"minecraft:creeper":10,"kevin_trophy:blister_zombie":1,"zombieinvasion:knight_zombie":10,"minecraft:zombie":24,"zombieinvasion:party_zombie":6},"minecraft:dropped":{"bunker_down:steel_vent":1,"minecraft:diamond":1,"minecraft:cooked_porkchop":13,"biomesoplenty:lavender":12,"minecraft:cobblestone":76,"enigmaticgraves:grave_finder":58,"minecraft:cracked_stone_bricks":2,"create:crimsite":27,"minecraft:rail":7,"minecraft:coal":5,"minecraft:stick":1,"minecraft:dirt":53,"minecraft:diorite":12,"minecraft:chain":1,"minecraft:string":2,"minecraft:bone":11,"minecraft:stone_axe":1,"minecraft:kelp":11,"minecraft:stone_sword":2,"minecraft:cobbled_deepslate":1,"minecraft:smooth_stone_slab":3,"minecraft:birch_sapling":1,"minecraft:rotten_flesh":38,"minecraft:glowstone_dust":2,"minecraft:pumpkin_seeds":21,"minecraft:potato":2,"minecraft:gray_terracotta":10,"minecraft:gunpowder":9,"minecraft:iron_chestplate":1,"minecraft:charcoal":5,"minecraft:quartz_stairs":4,"minecraft:beetroot_seeds":3,"minecraft:melon_seeds":4,"minecraft:mossy_stone_bricks":2,"minecraft:ladder":2,"minecraft:spider_eye":13,"minecraft:iron_bars":2,"minecraft:arrow":1,"minecraft:bow":1,"minecraft:wooden_pickaxe":1,"minecraft:stone_pickaxe":1,"minecraft:cracked_deepslate_bricks":2,"minecraft:stone_brick_stairs":1,"biomesoplenty:tall_lavender":2,"minecraft:egg":1},"minecraft:broken":{"minecraft:stone_hoe":1,"minecraft:wooden_pickaxe":1,"minecraft:stone_pickaxe":1,"minecraft:iron_sword":1,"minecraft:wooden_axe":2},"minecraft:crafted":{"minecraft:wooden_sword":1,"minecraft:oak_door":3,"minecraft:oak_planks":12,"immersive_armors:wooden_chestplate":1,"minecraft:stone_pickaxe":2,"minecraft:chest":1,"immersive_armors:wooden_helmet":1,"minecraft:dark_oak_planks":16,"biomesoplenty:jacaranda_planks":24,"minecraft:crafting_table":3,"minecraft:wooden_pickaxe":2,"minecraft:baked_potato":6,"immersive_armors:wooden_leggings":1,"minecraft:birch_planks":8,"minecraft:bread":3,"minecraft:air":0,"immersive_armors:wooden_boots":1,"minecraft:shield":1,"minecraft:stick":12,"minecraft:wooden_axe":3,"minecraft:stone_sword":2},"minecraft:used":{"minecraft:stone_sword":132,"minecraft:ladder":2,"minecraft:chest":2,"minecraft:shield":66,"minecraft:iron_sword":290,"minecraft:rotten_flesh":31,"minecraft:stone_hoe":66,"minecraft:oak_door":4,"minecraft:torch":4,"minecraft:dirt":56,"bunker_down:brittle_pickaxe":21,"minecraft:carrot":3,"minecraft:granite":10,"minecraft:wooden_axe":68,"minecraft:birch_sapling":2,"minecraft:quartz_block":18,"bunker_down:airlock_iron_door":1,"minecraft:stone_bricks":35,"immersive_armors:wooden_chestplate":5,"minecraft:oak_sapling":1,"minecraft:furnace":3,"minecraft:potato":4,"minecraft:light_gray_bed":6,"immersive_armors:wooden_helmet":4,"bunker_down:steel_vent":2,"minecraft:mossy_stone_bricks":1,"minecraft:leather_leggings":1,"minecraft:birch_planks":1,"minecraft:baked_potato":6,"minecraft:stone_pickaxe":238,"minecraft:wooden_pickaxe":81,"minecraft:cracked_stone_bricks":1,"minecraft:crafting_table":8,"minecraft:white_bed":2,"biomesoplenty:jacaranda_planks":4,"minecraft:redstone_torch":5,"minecraft:light_gray_concrete":1,"minecraft:bread":22,"minecraft:soul_lantern":1,"minecraft:stone_axe":1,"immersive_armors:wooden_boots":5,"minecraft:wooden_sword":10,"minecraft:cobblestone":214,"minecraft:cooked_porkchop":6,"minecraft:smooth_stone_slab":2,"minecraft:yellow_bed":1,"immersive_armors:wooden_leggings":2},"minecraft:picked_up":{"minecraft:charcoal":20,"minecraft:iron_chestplate":2,"minecraft:crafting_table":14,"minecraft:wheat":30,"minecraft:exposed_copper":1,"minecraft:ladder":23,"minecraft:anvil":1,"minecraft:leather_leggings":1,"minecraft:wooden_pickaxe":3,"minecraft:stone_brick_stairs":1,"minecraft:chain":2,"minecraft:brewing_stand":10,"minecraft:shield":3,"minecraft:string":79,"minecraft:raw_copper":71,"horror_element_mod:blood_3":1,"minecraft:smooth_stone_slab":8,"biomesoplenty:tall_lavender":6,"minecraft:experience_bottle":1,"minecraft:beetroot":6,"minecraft:cracked_stone_bricks":5,"immersive_armors:wooden_leggings":8,"minecraft:redstone_torch":8,"minecraft:iron_nugget":53,"minecraft:poppy":4,"minecraft:enchanted_golden_apple":4,"minecraft:melon_slice":2,"minecraft:quartz_stairs":4,"minecraft:chest":5,"minecraft:birch_sapling":4,"minecraft:piston":3,"minecraft:egg":3,"minecraft:iron_boots":4,"minecraft:furnace":9,"minecraft:stick":44,"minecraft:oak_door":1,"minecraft:torch":6,"minecraft:carrot":5,"minecraft:redstone":15,"minecraft:cauldron":4,"minecraft:goat_horn":4,"minecraft:quartz_block":98,"minecraft:stone_sword":9,"immersive_armors:wooden_helmet":8,"minecraft:arrow":8,"minecraft:light_gray_bed":22,"minecraft:rotten_flesh":197,"biomesoplenty:jacaranda_log":6,"minecraft:beetroot_seeds":24,"minecraft:peony":2,"create:ochrum":17,"minecraft:iron_block":1,"minecraft:cracked_deepslate_bricks":6,"minecraft:cyan_terracotta":11,"minecraft:saddle":5,"minecraft:iron_bars":4,"minecraft:skeleton_skull":5,"minecraft:rail":62,"minecraft:cobblestone":352,"bunker_down:ceiling_lamp":1,"biomesoplenty:lavender":32,"minecraft:birch_log":13,"bunker_down:brittle_pickaxe":1,"minecraft:repeater":3,"minecraft:iron_door":5,"minecraft:leather":6,"minecraft:smoker":1,"bunker_down:steel_vent":14,"minecraft:potato":33,"minecraft:birch_planks":14,"minecraft:oak_log":28,"enigmaticgraves:grave_finder":41,"bunker_down:airlock_iron_door":2,"minecraft:cobblestone_wall":14,"minecraft:yellow_bed":3,"horror_element_mod:villager_head":1,"biomesoplenty:jacaranda_planks":17,"minecraft:gunpowder":159,"mca:book_romance":1,"minecraft:dirt":209,"bunker_down:steel_block":1,"minecraft:name_tag":8,"minecraft:bone":42,"minecraft:apple":5,"minecraft:stone_bricks":90,"minecraft:kelp":11,"minecraft:bow":1,"minecraft:gray_terracotta":13,"minecraft:wheat_seeds":9,"minecraft:creeper_spawn_egg":12,"minecraft:iron_ingot":34,"minecraft:stone_pickaxe":10,"minecraft:cobweb":4,"minecraft:mossy_stone_bricks":6,"minecraft:glowstone_dust":4,"minecraft:oak_planks":2,"minecraft:iron_sword":4,"horror_element_mod:blood_7":1,"minecraft:cooked_porkchop":20,"minecraft:music_disc_13":3,"minecraft:pumpkin":2,"bunker_down:underroot_stage_1":2,"minecraft:quartz":1,"minecraft:dandelion":8,"minecraft:poisonous_potato":1,"minecraft:dripstone_block":11,"minecraft:blast_furnace":1,"minecraft:white_bed":6,"minecraft:fermented_spider_eye":2,"minecraft:dark_oak_log":18,"minecraft:spider_eye":20,"minecraft:barrel":1,"minecraft:light_gray_concrete":12,"minecraft:light_gray_terracotta":12,"minecraft:pumpkin_seeds":35,"create:crimsite":54,"minecraft:stone_axe":2,"minecraft:diamond":1,"minecraft:soul_lantern":7,"minecraft:chainmail_leggings":6,"immersive_armors:wooden_chestplate":8,"minecraft:iron_helmet":1,"minecraft:granite":11,"minecraft:golden_apple":4,"minecraft:emerald":4,"minecraft:bread":6,"minecraft:baked_potato":6,"minecraft:oak_sapling":1,"minecraft:melon_seeds":2,"immersive_armors:wooden_boots":8,"minecraft:coal":27,"minecraft:wooden_axe":10},"minecraft:custom":{"minecraft:mob_kills":124,"minecraft:interact_with_crafting_table":32,"minecraft:open_barrel":16,"minecraft:bell_ring":1,"minecraft:leave_game":4,"minecraft:time_since_death":3147,"minecraft:climb_one_cm":107503,"minecraft:sprint_one_cm":1261959,"minecraft:walk_one_cm":2789689,"minecraft:damage_blocked_by_shield":2915,"minecraft:drop":134,"minecraft:talked_to_villager":3,"minecraft:play_time":461965,"minecraft:sneak_time":28827,"minecraft:deaths":65,"minecraft:walk_under_water_one_cm":21114,"minecraft:jump":5429,"minecraft:interact_with_blast_furnace":2,"minecraft:walk_on_water_one_cm":41542,"minecraft:total_world_time":461965,"minecraft:interact_with_furnace":18,"minecraft:sleep_in_bed":14,"minecraft:time_since_rest":3173,"minecraft:damage_taken":20574,"minecraft:damage_dealt":22846,"minecraft:swim_one_cm":77370,"minecraft:fly_one_cm":1225207,"minecraft:player_kills":4,"minecraft:open_chest":95,"minecraft:crouch_one_cm":109765,"minecraft:interact_with_smoker":2,"minecraft:fall_one_cm":159842}},"DataVersion":3120}