{"stats":{"minecraft:killed_by":{"minecraft:skeleton":2,"minecraft:creeper":1},"minecraft:mined":{"minecraft:crafting_table":2,"minecraft:ladder":4,"minecraft:grass_block":3,"minecraft:chest":1,"minecraft:light_gray_bed":2,"minecraft:glass":1,"minecraft:cobblestone":6,"minecraft:iron_door":1,"biomesoplenty:jacaranda_log":6,"biomesoplenty:tall_lavender":3,"minecraft:birch_log":11,"biomesoplenty:lavender":4,"minecraft:birch_leaves":1,"minecraft:grass":2,"minecraft:oak_log":16,"biomesoplenty:webbing":3,"minecraft:dirt":6,"minecraft:stone":1},"minecraft:killed":{"hordes:zombie_player":2,"minecraft:creeper":1,"minecraft:skeleton":3,"minecraft:zombie":3,"zombieinvasion:party_zombie":1},"minecraft:dropped":{"biomesoplenty:lavender":11,"biomesoplenty:tall_lavender":1},"minecraft:broken":{"minecraft:wooden_axe":2},"minecraft:crafted":{"biomesoplenty:jacaranda_planks":24,"minecraft:crafting_table":1,"minecraft:wooden_pickaxe":1,"immersive_armors:wooden_leggings":1,"immersive_armors:wooden_chestplate":1,"immersive_armors:wooden_boots":1,"minecraft:stick":4,"minecraft:stone_pickaxe":1,"minecraft:wooden_axe":2,"minecraft:stone_sword":1,"immersive_armors:wooden_helmet":1},"minecraft:used":{"minecraft:stone_sword":13,"minecraft:wooden_pickaxe":2,"minecraft:dirt":3,"minecraft:crafting_table":3,"bunker_down:brittle_pickaxe":21,"biomesoplenty:jacaranda_planks":4,"minecraft:wooden_axe":50,"minecraft:birch_sapling":2,"minecraft:cobblestone":1,"minecraft:oak_sapling":1,"minecraft:smooth_stone_slab":2,"minecraft:potato":1,"minecraft:light_gray_bed":3},"minecraft:picked_up":{"minecraft:wooden_axe":3,"biomesoplenty:lavender":17,"minecraft:birch_log":11,"minecraft:crafting_table":5,"bunker_down:brittle_pickaxe":1,"minecraft:ladder":8,"minecraft:iron_door":2,"minecraft:wooden_pickaxe":1,"minecraft:potato":1,"minecraft:oak_log":17,"biomesoplenty:jacaranda_planks":12,"minecraft:dirt":18,"minecraft:smooth_stone_slab":2,"biomesoplenty:tall_lavender":5,"minecraft:bone":1,"minecraft:wheat_seeds":3,"minecraft:cobweb":4,"minecraft:redstone_torch":2,"minecraft:chest":2,"minecraft:birch_sapling":2,"minecraft:oak_planks":2,"minecraft:stick":16,"bunker_down:underroot_stage_1":2,"minecraft:torch":2,"minecraft:poisonous_potato":1,"minecraft:light_gray_concrete":2,"minecraft:arrow":1,"minecraft:light_gray_bed":11,"biomesoplenty:jacaranda_log":6,"minecraft:oak_sapling":1,"minecraft:cobblestone":13},"minecraft:custom":{"minecraft:interact_with_furnace":2,"minecraft:mob_kills":9,"minecraft:interact_with_crafting_table":11,"minecraft:open_barrel":4,"minecraft:time_since_death":14142,"minecraft:sleep_in_bed":3,"minecraft:climb_one_cm":39859,"minecraft:time_since_rest":14164,"minecraft:sprint_one_cm":161470,"minecraft:damage_taken":1595,"minecraft:walk_one_cm":429424,"minecraft:drop":3,"minecraft:damage_dealt":1690,"minecraft:swim_one_cm":15306,"minecraft:fly_one_cm":111118,"minecraft:open_chest":2,"minecraft:crouch_one_cm":1308,"minecraft:play_time":68027,"minecraft:deaths":5,"minecraft:sneak_time":925,"minecraft:walk_under_water_one_cm":2072,"minecraft:jump":522,"minecraft:walk_on_water_one_cm":1807,"minecraft:total_world_time":68027,"minecraft:fall_one_cm":9789}},"DataVersion":3120}