{"stats":{"minecraft:picked_up":{"minecraft:milk_bucket":1,"minecraft:iron_door":1,"minecraft:porkchop":3,"minecraft:gunpowder":2,"minecraft:dirt":2,"minecraft:bone":1,"minecraft:rotten_flesh":7,"minecraft:green_concrete":3,"minecraft:wheat_seeds":1,"apocalypsenow:human_flesh":1,"minecraft:lever":1,"minecraft:mutton":5,"minecraft:white_wool":3},"minecraft:killed":{"minecraft:sheep":4,"minecraft:skeleton":4,"zombieinvasion:knight_zombie":1,"minecraft:zombie":3,"minecraft:pig":5,"minecraft:witch":1,"apocalypsenow:walker_12":1,"apocalypsenow:walker_19":1,"apocalypsenow:runner_40":1,"apocalypsenow:runner_47":1,"apocalypsenow:runner_45":1,"apocalypsenow:runner_52":2,"minecraft:spider":1,"apocalypsenow:runner_53":1,"apocalypsenow:runner_36":1,"apocalypsenow:horde_4":1,"apocalypsenow:runner_34":4,"apocalypsenow:runner_35":2,"minecraft:creeper":1},"minecraft:mined":{"minecraft:dirt":2},"minecraft:dropped":{"apocalypsenow:umbrella":1,"firstaid:plaster":4,"apocalypsenow:fire_extinguisher":1,"tacz:attachment":1},"minecraft:used":{"apocalypsenow:head_cutter":12,"simpleplanes:large_plane":3,"minecraft:milk_bucket":2},"minecraft:custom":{"minecraft:time_since_rest":34126,"minecraft:sprint_one_cm":20814,"minecraft:damage_taken":180,"minecraft:walk_one_cm":104391,"minecraft:mob_kills":36,"minecraft:drop":7,"minecraft:damage_dealt":499,"minecraft:swim_one_cm":6243,"minecraft:fly_one_cm":181792,"minecraft:open_barrel":1,"minecraft:open_chest":2,"minecraft:crouch_one_cm":50,"minecraft:play_time":34126,"minecraft:sneak_time":358,"minecraft:walk_under_water_one_cm":5201,"minecraft:jump":131,"minecraft:leave_game":1,"minecraft:time_since_death":34126,"minecraft:walk_on_water_one_cm":3442,"minecraft:climb_one_cm":2686,"minecraft:total_world_time":34126,"minecraft:fall_one_cm":1045}},"DataVersion":3120}