{"stats":{"minecraft:killed":{"minecraft:sheep":4,"minecraft:skeleton":2,"apocalypsenow:runner_52":1,"minecraft:zombie":1,"apocalypsenow:horde_4":1,"minecraft:pig":5,"apocalypsenow:runner_35":2,"apocalypsenow:runner_34":4,"apocalypsenow:walker_12":1,"apocalypsenow:walker_19":1,"apocalypsenow:runner_40":1,"apocalypsenow:runner_47":1},"minecraft:dropped":{"firstaid:plaster":4,"tacz:attachment":1},"minecraft:custom":{"minecraft:open_barrel":1,"minecraft:time_since_rest":16090,"minecraft:open_chest":2,"minecraft:play_time":16090,"minecraft:sprint_one_cm":19686,"minecraft:damage_taken":180,"minecraft:walk_one_cm":63559,"minecraft:sneak_time":188,"minecraft:walk_under_water_one_cm":1750,"minecraft:mob_kills":24,"minecraft:drop":5,"minecraft:jump":92,"minecraft:damage_dealt":469,"minecraft:time_since_death":16090,"minecraft:walk_on_water_one_cm":3005,"minecraft:total_world_time":16090,"minecraft:climb_one_cm":2686,"minecraft:swim_one_cm":6243,"minecraft:fall_one_cm":1045,"minecraft:fly_one_cm":59283},"minecraft:mined":{"minecraft:dirt":2},"minecraft:used":{"apocalypsenow:head_cutter":12,"minecraft:milk_bucket":2},"minecraft:picked_up":{"minecraft:milk_bucket":1,"minecraft:iron_door":1,"minecraft:rotten_flesh":1,"apocalypsenow:human_flesh":1,"minecraft:lever":1,"minecraft:porkchop":3,"minecraft:mutton":5,"minecraft:white_wool":3,"minecraft:dirt":2}},"DataVersion":3120}