{"stats":{"minecraft:custom":{"minecraft:time_since_rest":14441,"minecraft:open_chest":3,"minecraft:play_time":27334,"minecraft:crouch_one_cm":574,"minecraft:sprint_one_cm":634,"minecraft:deaths":1,"minecraft:damage_taken":203,"minecraft:walk_one_cm":42960,"minecraft:sneak_time":2221,"minecraft:mob_kills":1,"minecraft:drop":8,"minecraft:jump":138,"minecraft:damage_dealt":160,"minecraft:time_since_death":14416,"minecraft:total_world_time":27334,"minecraft:climb_one_cm":37616,"minecraft:fall_one_cm":5298,"minecraft:fly_one_cm":121707,"minecraft:open_barrel":1},"minecraft:used":{"minecraft:dirt":1,"apocalypsenow:chainsaw":22,"biomesoplenty:tall_lavender":1,"minecraft:iron_sword":3,"ad_astra:tier_4_rocket":3,"ad_astra:launch_pad":5},"minecraft:picked_up":{"biomesoplenty:lavender":31,"biomesoplenty:tall_lavender":1,"minecraft:dandelion":1,"minecraft:dark_oak_log":3,"minecraft:dirt":3},"minecraft:killed":{"ad_astra:glacian_ram":1},"minecraft:mined":{"minecraft:grass":28,"minecraft:grass_block":2,"biomesoplenty:tall_lavender":6,"minecraft:tall_grass":4,"biomesoplenty:lavender":78},"minecraft:dropped":{"ad_astra:launch_pad":2,"minecraft:dark_oak_log":3,"ad_astra:tier_4_rocket":2,"minecraft:dandelion":1}},"DataVersion":3120}