{"stats":{"minecraft:killed_by":{"minecraft:player":2,"minecraft:creeper":2,"minecraft:spider":2,"minecraft:skeleton":4,"minecraft:zombie":1,"zombieinvasion:knight_zombie":2},"minecraft:mined":{"minecraft:white_bed":2,"minecraft:blue_stained_glass_pane":2,"minecraft:sculk_vein":2,"minecraft:dark_oak_log":13,"minecraft:brewing_stand":2,"horror_element_mod:hanging_villager":1,"minecraft:gray_stained_glass_pane":2,"minecraft:granite":11,"minecraft:ladder":4,"biomesoplenty:bush":1,"minecraft:grass_block":12,"minecraft:light_gray_bed":2,"minecraft:spawner":9,"minecraft:tall_seagrass":1,"biomesoplenty:jacaranda_log":6,"biomesoplenty:tall_lavender":3,"minecraft:furnace":3,"minecraft:barrel":1,"biomesoplenty:lavender":4,"minecraft:anvil":1,"minecraft:potatoes":1,"minecraft:rail":6,"biomesoplenty:webbing":3,"minecraft:iron_bars":1,"horror_element_mod:blood_7":1,"minecraft:stone":118,"minecraft:cyan_terracotta":5,"minecraft:smoker":1,"minecraft:soul_lantern":7,"minecraft:crafting_table":3,"minecraft:blast_furnace":1,"minecraft:chest":1,"minecraft:white_stained_glass_pane":3,"minecraft:cobblestone":22,"minecraft:glass":3,"minecraft:copper_ore":4,"minecraft:iron_door":2,"minecraft:wall_torch":3,"minecraft:cauldron":1,"minecraft:chain":1,"minecraft:cobblestone_wall":2,"minecraft:birch_log":11,"horror_element_mod:spiked_villager":1,"minecraft:birch_leaves":1,"minecraft:yellow_bed":2,"minecraft:grass":4,"minecraft:oak_log":23,"minecraft:coal_ore":3,"minecraft:beetroots":2,"minecraft:dirt":16,"minecraft:stone_bricks":5,"minecraft:mossy_stone_bricks":1,"create:crimsite":9},"minecraft:killed":{"minecraft:cave_spider":1,"hordes:zombie_player":8,"minecraft:spider":3,"minecraft:skeleton":4,"minecraft:drowned":1,"minecraft:creeper":8,"zombieinvasion:knight_zombie":8,"minecraft:zombie":8,"zombieinvasion:party_zombie":2},"minecraft:dropped":{"biomesoplenty:lavender":11,"minecraft:rotten_flesh":1,"biomesoplenty:tall_lavender":1},"minecraft:broken":{"minecraft:wooden_pickaxe":1,"minecraft:stone_pickaxe":1,"minecraft:wooden_axe":2},"minecraft:crafted":{"minecraft:oak_door":3,"minecraft:oak_planks":8,"immersive_armors:wooden_chestplate":1,"minecraft:stone_pickaxe":2,"minecraft:chest":1,"immersive_armors:wooden_helmet":1,"minecraft:dark_oak_planks":12,"biomesoplenty:jacaranda_planks":24,"minecraft:crafting_table":2,"minecraft:wooden_pickaxe":2,"immersive_armors:wooden_leggings":1,"minecraft:birch_planks":8,"immersive_armors:wooden_boots":1,"minecraft:stick":12,"minecraft:wooden_axe":3,"minecraft:stone_sword":1},"minecraft:used":{"minecraft:stone_sword":13,"minecraft:chest":2,"minecraft:iron_sword":159,"minecraft:stone_hoe":5,"minecraft:oak_door":4,"minecraft:torch":4,"minecraft:dirt":51,"bunker_down:brittle_pickaxe":21,"minecraft:granite":10,"minecraft:wooden_axe":65,"minecraft:birch_sapling":2,"bunker_down:airlock_iron_door":1,"immersive_armors:wooden_chestplate":2,"minecraft:oak_sapling":1,"minecraft:furnace":2,"minecraft:potato":4,"minecraft:light_gray_bed":3,"immersive_armors:wooden_helmet":2,"minecraft:mossy_stone_bricks":1,"minecraft:stone_pickaxe":147,"minecraft:wooden_pickaxe":79,"minecraft:crafting_table":4,"biomesoplenty:jacaranda_planks":4,"minecraft:bread":1,"immersive_armors:wooden_boots":2,"minecraft:cobblestone":131,"minecraft:smooth_stone_slab":2,"immersive_armors:wooden_leggings":2},"minecraft:picked_up":{"minecraft:wooden_axe":4,"minecraft:charcoal":5,"minecraft:crafting_table":8,"minecraft:wheat":8,"minecraft:exposed_copper":1,"minecraft:ladder":10,"minecraft:anvil":1,"minecraft:wooden_pickaxe":2,"minecraft:chain":1,"minecraft:brewing_stand":6,"minecraft:string":22,"minecraft:raw_copper":26,"horror_element_mod:blood_3":1,"minecraft:smooth_stone_slab":2,"biomesoplenty:tall_lavender":5,"minecraft:beetroot":2,"immersive_armors:wooden_leggings":2,"minecraft:redstone_torch":3,"minecraft:enchanted_golden_apple":2,"minecraft:chest":3,"minecraft:birch_sapling":2,"minecraft:egg":1,"minecraft:iron_boots":2,"minecraft:furnace":6,"minecraft:stick":23,"minecraft:oak_door":1,"minecraft:torch":6,"minecraft:redstone":4,"minecraft:cauldron":3,"minecraft:quartz_block":27,"minecraft:stone_sword":2,"immersive_armors:wooden_helmet":2,"minecraft:arrow":1,"minecraft:light_gray_bed":13,"minecraft:rotten_flesh":56,"biomesoplenty:jacaranda_log":6,"minecraft:beetroot_seeds":6,"minecraft:peony":2,"minecraft:cracked_deepslate_bricks":4,"minecraft:cyan_terracotta":10,"minecraft:saddle":2,"minecraft:cobblestone":146,"minecraft:rail":24,"biomesoplenty:lavender":17,"minecraft:birch_log":13,"bunker_down:brittle_pickaxe":1,"minecraft:iron_door":4,"minecraft:smoker":1,"minecraft:potato":4,"minecraft:birch_planks":5,"bunker_down:airlock_iron_door":1,"minecraft:oak_log":26,"enigmaticgraves:grave_finder":4,"minecraft:yellow_bed":2,"horror_element_mod:villager_head":1,"minecraft:cobblestone_wall":6,"biomesoplenty:jacaranda_planks":17,"minecraft:gunpowder":65,"minecraft:dirt":84,"minecraft:name_tag":4,"minecraft:bone":15,"minecraft:stone_bricks":29,"minecraft:wheat_seeds":3,"minecraft:stone_pickaxe":2,"minecraft:cobweb":4,"minecraft:mossy_stone_bricks":4,"minecraft:glowstone_dust":2,"minecraft:oak_planks":2,"minecraft:iron_sword":1,"horror_element_mod:blood_7":1,"minecraft:music_disc_13":2,"bunker_down:underroot_stage_1":2,"minecraft:poisonous_potato":1,"minecraft:blast_furnace":1,"minecraft:white_bed":2,"minecraft:dark_oak_log":14,"minecraft:barrel":1,"minecraft:spider_eye":4,"minecraft:light_gray_concrete":2,"minecraft:light_gray_terracotta":8,"minecraft:pumpkin_seeds":14,"create:crimsite":18,"minecraft:soul_lantern":7,"immersive_armors:wooden_chestplate":2,"minecraft:chainmail_leggings":2,"minecraft:granite":11,"minecraft:golden_apple":2,"minecraft:oak_sapling":1,"immersive_armors:wooden_boots":2,"minecraft:coal":6},"minecraft:custom":{"minecraft:mob_kills":45,"minecraft:interact_with_crafting_table":24,"minecraft:open_barrel":12,"minecraft:time_since_death":8472,"minecraft:climb_one_cm":52438,"minecraft:sprint_one_cm":387474,"minecraft:walk_one_cm":1149513,"minecraft:drop":4,"minecraft:talked_to_villager":3,"minecraft:walk_under_water_one_cm":10670,"minecraft:deaths":17,"minecraft:play_time":182027,"minecraft:sneak_time":5545,"minecraft:jump":1736,"minecraft:interact_with_blast_furnace":2,"minecraft:walk_on_water_one_cm":13534,"minecraft:total_world_time":182027,"minecraft:interact_with_furnace":10,"minecraft:sleep_in_bed":7,"minecraft:time_since_rest":1981,"minecraft:damage_taken":4864,"minecraft:damage_dealt":9068,"minecraft:swim_one_cm":54094,"minecraft:fly_one_cm":329566,"minecraft:open_chest":52,"minecraft:crouch_one_cm":15402,"minecraft:interact_with_smoker":2,"minecraft:fall_one_cm":34203}},"DataVersion":3120}