{"stats":{"minecraft:custom":{"minecraft:interact_with_crafting_table":88,"minecraft:open_barrel":16,"minecraft:bell_ring":1,"minecraft:leave_game":33,"minecraft:time_since_death":17952,"minecraft:sprint_one_cm":1890788,"minecraft:damage_blocked_by_shield":3395,"minecraft:drop":204,"minecraft:talked_to_villager":8,"minecraft:play_time":897118,"minecraft:deaths":98,"minecraft:jump":7832,"minecraft:walk_on_water_one_cm":97225,"minecraft:interact_with_furnace":67,"minecraft:sleep_in_bed":18,"minecraft:damage_dealt":27679,"minecraft:player_kills":5,"minecraft:crouch_one_cm":253381,"minecraft:interact_with_smoker":2,"minecraft:mob_kills":157,"minecraft:interact_with_campfire":12,"minecraft:climb_one_cm":118809,"minecraft:walk_one_cm":4273350,"minecraft:sneak_time":89120,"minecraft:walk_under_water_one_cm":162084,"minecraft:interact_with_blast_furnace":2,"minecraft:total_world_time":897118,"minecraft:time_since_rest":17978,"minecraft:damage_taken":31592,"minecraft:swim_one_cm":154592,"minecraft:fly_one_cm":1656823,"minecraft:open_chest":393,"minecraft:fall_one_cm":254021},"minecraft:killed":{"minecraft:cave_spider":1,"minecraft:spider":33,"minecraft:zombie_horse":1,"minecraft:skeleton":20,"minecraft:pig":1,"minecraft:creeper":10,"kevin_trophy:blister_zombie":1,"minecraft:sheep":1,"zombieinvasion:knight_zombie":10,"minecraft:zombie":29,"minecraft:cow":2,"hordes:zombie_player":34,"minecraft:phantom":2,"minecraft:drowned":1,"zombieinvasion:party_zombie":6},"minecraft:crafted":{"minecraft:oak_planks":128,"minecraft:cobblestone_slab":6,"mekanism:ingot_osmium":1,"minecraft:cobblestone_stairs":12,"minecraft:lever":1,"immersive_armors:wooden_chestplate":1,"minecraft:chest":3,"immersive_armors:wooden_helmet":2,"mekanism:ingot_tin":1,"minecraft:oak_slab":72,"biomesoplenty:jacaranda_planks":24,"minecraft:cooked_porkchop":3,"minecraft:crafting_table":5,"minecraft:wooden_pickaxe":3,"minecraft:baked_potato":70,"immersive_armors:wooden_leggings":2,"minecraft:copper_ingot":6,"minecraft:birch_planks":8,"immersive_armors:wooden_boots":2,"minecraft:wooden_hoe":1,"minecraft:charcoal":1,"minecraft:shield":2,"minecraft:stick":36,"minecraft:iron_ingot":38,"minecraft:iron_block":2,"minecraft:stone_sword":3,"minecraft:wooden_sword":1,"minecraft:oak_door":3,"minecraft:iron_nugget":1,"minecraft:furnace":1,"minecraft:white_carpet":9,"minecraft:oak_trapdoor":6,"minecraft:stone_pickaxe":11,"minecraft:cobblestone_wall":156,"minecraft:dark_oak_planks":20,"minecraft:cooked_beef":5,"minecraft:red_dye":2,"alexs_armoury:armourers_table":1,"tacz:gun_smith_table":1,"minecraft:red_carpet":8,"minecraft:bread":3,"minecraft:air":0,"minecraft:white_wool":8,"minecraft:wooden_axe":3,"alexs_armoury:tanning_rack":1,"minecraft:torch":24},"minecraft:killed_by":{"minecraft:creeper":7,"zombieinvasion:floaty_zombie":1,"minecraft:zombie_horse":3,"kevin_trophy:crawler_zombie":2,"mutantmonsters:mutant_creeper":4,"hordes:drowned_player":2,"mutantmonsters:creeper_minion":3,"minecraft:zombie":19,"minecraft:husk":3,"minecraft:player":6,"minecraft:stray":1,"minecraft:spider":4,"mutantmonsters:mutant_enderman":2,"zombieinvasion:party_zombie":2,"hordes:zombie_player":10,"minecraft:skeleton":12,"kevin_trophy:blister_zombie":1,"zombieinvasion:knight_zombie":7},"minecraft:used":{"minecraft:moss_block":4,"minecraft:ladder":9,"minecraft:chest":4,"minecraft:shield":84,"minecraft:iron_sword":290,"minecraft:rotten_flesh":31,"minecraft:carrot":23,"minecraft:cyan_terracotta":1,"minecraft:birch_sapling":2,"minecraft:quartz_block":26,"minecraft:stone_bricks":35,"bunker_down:airlock_iron_door":1,"immersive_armors:wooden_chestplate":5,"minecraft:oak_sapling":7,"minecraft:furnace":4,"minecraft:beetroot_seeds":3,"minecraft:potato":50,"immersive_armors:wooden_helmet":4,"minecraft:leather_leggings":1,"bunker_down:steel_vent":2,"minecraft:mossy_stone_bricks":1,"minecraft:oak_planks":89,"minecraft:stone_pickaxe":1211,"minecraft:wooden_pickaxe":198,"alexs_armoury:armourers_table":1,"biomesoplenty:jacaranda_planks":4,"minecraft:redstone_torch":8,"minecraft:lever":1,"minecraft:light_gray_concrete":1,"minecraft:bread":22,"minecraft:soul_lantern":1,"minecraft:wooden_sword":73,"minecraft:andesite":9,"minecraft:smooth_stone_slab":2,"minecraft:oak_trapdoor":7,"minecraft:stone_sword":183,"biomesoplenty:redwood_planks":1,"tacz:gun_smith_table":3,"minecraft:stone_hoe":66,"minecraft:oak_door":4,"minecraft:torch":59,"minecraft:dirt":87,"bunker_down:brittle_pickaxe":21,"minecraft:cobblestone_wall":164,"minecraft:granite":10,"minecraft:wooden_axe":68,"alexs_armoury:tanning_rack":1,"minecraft:melon_seeds":2,"minecraft:cooked_beef":3,"minecraft:light_gray_bed":6,"minecraft:cooked_mutton":2,"minecraft:water_bucket":21,"minecraft:cobblestone_stairs":9,"minecraft:birch_planks":1,"minecraft:baked_potato":16,"minecraft:cobblestone_slab":4,"minecraft:cracked_stone_bricks":1,"minecraft:oak_slab":68,"minecraft:crafting_table":10,"minecraft:white_bed":2,"minecraft:oak_log":1,"minecraft:wooden_hoe":59,"minecraft:stone_axe":115,"immersive_armors:wooden_boots":5,"minecraft:cobblestone":775,"minecraft:cooked_porkchop":15,"minecraft:bucket":18,"minecraft:yellow_bed":1,"immersive_armors:wooden_leggings":2},"minecraft:picked_up":{"minecraft:iron_chestplate":2,"minecraft:wheat":30,"minecraft:exposed_copper":1,"minecraft:anvil":1,"minecraft:stone_brick_stairs":2,"minecraft:brewing_stand":10,"minecraft:string":82,"minecraft:raw_copper":103,"horror_element_mod:blood_3":1,"minecraft:smooth_stone_slab":8,"biomesoplenty:tall_lavender":9,"minecraft:experience_bottle":1,"minecraft:beetroot":6,"minecraft:rose_bush":3,"minecraft:redstone_torch":12,"minecraft:enchanted_golden_apple":4,"minecraft:melon_slice":20,"minecraft:furnace":9,"minecraft:iron_boots":4,"minecraft:stick":62,"minecraft:torch":28,"minecraft:porkchop":3,"minecraft:diorite":3,"minecraft:cauldron":4,"mekanism:raw_tin":1,"minecraft:goat_horn":7,"minecraft:quartz_block":99,"minecraft:stone_sword":13,"minecraft:light_gray_bed":22,"minecraft:rotten_flesh":227,"create:ochrum":17,"minecraft:iron_block":1,"minecraft:cyan_terracotta":16,"minecraft:iron_bars":5,"minecraft:cobblestone":1478,"biomesoplenty:lavender":44,"bunker_down:ceiling_lamp":1,"minecraft:birch_log":13,"minecraft:lilac":1,"bunker_down:brittle_pickaxe":1,"minecraft:repeater":3,"minecraft:iron_door":5,"minecraft:water_bucket":2,"minecraft:andesite":4,"minecraft:smoker":1,"bunker_down:steel_vent":15,"minecraft:potato":661,"minecraft:flint":2,"enigmaticgraves:grave_finder":63,"horror_element_mod:villager_head":1,"minecraft:dirt":244,"minecraft:name_tag":8,"minecraft:bone":46,"minecraft:bow":1,"minecraft:gray_terracotta":13,"minecraft:wheat_seeds":12,"minecraft:mossy_stone_bricks":6,"minecraft:glowstone_dust":4,"tacz:gun_smith_table":2,"minecraft:moss_block":4,"minecraft:oak_planks":16,"minecraft:cooked_porkchop":22,"minecraft:music_disc_13":3,"minecraft:poisonous_potato":9,"minecraft:fermented_spider_eye":2,"minecraft:dark_oak_log":18,"minecraft:barrel":1,"minecraft:light_gray_concrete":12,"minecraft:light_gray_terracotta":12,"create:crimsite":54,"minecraft:diamond":2,"minecraft:soul_lantern":7,"minecraft:cracked_polished_blackstone_bricks":2,"minecraft:granite":28,"minecraft:golden_apple":4,"minecraft:emerald":4,"minecraft:bread":6,"minecraft:oak_sapling":15,"minecraft:charcoal":20,"minecraft:crafting_table":15,"minecraft:ladder":31,"minecraft:leather_leggings":1,"minecraft:wooden_pickaxe":6,"minecraft:chain":2,"minecraft:shield":6,"minecraft:oak_trapdoor":1,"minecraft:wooden_sword":4,"tacz:ammo":60,"minecraft:cracked_stone_bricks":5,"minecraft:beef":5,"immersive_armors:wooden_leggings":9,"minecraft:iron_nugget":53,"minecraft:poppy":4,"minecraft:quartz_stairs":4,"minecraft:chest":5,"minecraft:birch_sapling":4,"minecraft:piston":3,"minecraft:phantom_membrane":1,"minecraft:egg":3,"minecraft:raw_iron":1,"minecraft:oak_door":1,"minecraft:polished_blackstone_bricks":1,"minecraft:carrot":55,"minecraft:redstone":16,"biomesoplenty:redwood_planks":4,"immersive_armors:wooden_helmet":9,"minecraft:arrow":14,"biomesoplenty:jacaranda_log":10,"minecraft:beetroot_seeds":24,"minecraft:peony":2,"alexs_armoury:tanning_rack":1,"immersive_armors:warrior_chestplate":1,"minecraft:cracked_deepslate_bricks":6,"minecraft:saddle":5,"minecraft:mutton":2,"minecraft:skeleton_skull":5,"minecraft:rail":62,"minecraft:stripped_oak_log":2,"minecraft:leather":7,"minecraft:birch_planks":14,"minecraft:oak_log":68,"bunker_down:airlock_iron_door":2,"minecraft:cobblestone_wall":33,"minecraft:yellow_bed":3,"biomesoplenty:jacaranda_planks":17,"minecraft:gunpowder":161,"mca:book_romance":1,"bunker_down:steel_block":1,"minecraft:cooked_mutton":2,"minecraft:apple":10,"minecraft:stone_bricks":90,"minecraft:kelp":11,"minecraft:creeper_spawn_egg":12,"minecraft:iron_ingot":58,"minecraft:stone_pickaxe":18,"minecraft:cobweb":4,"minecraft:iron_sword":4,"horror_element_mod:blood_7":1,"minecraft:pumpkin":2,"bunker_down:underroot_stage_1":2,"minecraft:quartz":1,"minecraft:dandelion":8,"minecraft:dripstone_block":11,"minecraft:gravel":5,"minecraft:blast_furnace":1,"minecraft:white_bed":6,"mekanism:raw_osmium":1,"minecraft:spider_eye":20,"minecraft:pumpkin_seeds":35,"minecraft:stone_axe":5,"tacz:modern_kinetic_gun":1,"minecraft:chainmail_leggings":6,"immersive_armors:wooden_chestplate":9,"minecraft:iron_helmet":1,"minecraft:baked_potato":165,"minecraft:melon_seeds":2,"minecraft:black_wool":1,"immersive_armors:wooden_boots":9,"minecraft:coal":74,"minecraft:wooden_axe":10},"minecraft:dropped":{"bunker_down:steel_vent":1,"minecraft:diamond":1,"minecraft:cooked_porkchop":19,"enigmaticgraves:grave_finder":112,"minecraft:cracked_stone_bricks":2,"create:crimsite":27,"minecraft:rail":7,"minecraft:dirt":53,"minecraft:chain":1,"minecraft:bone":11,"minecraft:stone_axe":1,"minecraft:cobbled_deepslate":1,"minecraft:birch_sapling":1,"minecraft:rotten_flesh":38,"minecraft:glowstone_dust":2,"minecraft:gunpowder":9,"minecraft:charcoal":10,"minecraft:beetroot_seeds":3,"minecraft:quartz_block":1,"minecraft:melon_seeds":4,"minecraft:ladder":2,"minecraft:iron_bars":3,"minecraft:arrow":1,"minecraft:stone_brick_stairs":1,"biomesoplenty:tall_lavender":4,"minecraft:egg":1,"minecraft:wheat_seeds":2,"minecraft:lilac":1,"biomesoplenty:lavender":22,"minecraft:cobblestone":76,"minecraft:coal":5,"minecraft:stick":1,"minecraft:diorite":12,"minecraft:string":2,"minecraft:bucket":1,"minecraft:kelp":11,"minecraft:stone_sword":2,"minecraft:smooth_stone_slab":3,"minecraft:pumpkin_seeds":21,"minecraft:potato":2,"minecraft:gray_terracotta":10,"minecraft:iron_chestplate":1,"minecraft:quartz_stairs":4,"minecraft:mossy_stone_bricks":2,"minecraft:oak_sapling":3,"minecraft:spider_eye":13,"minecraft:bow":1,"minecraft:stone_pickaxe":1,"minecraft:wooden_pickaxe":1,"minecraft:cracked_deepslate_bricks":2},"minecraft:broken":{"minecraft:stone_pickaxe":9,"minecraft:iron_sword":1,"minecraft:wooden_axe":2,"minecraft:stone_sword":1,"minecraft:stone_hoe":1,"minecraft:wooden_pickaxe":3,"minecraft:wooden_hoe":1},"minecraft:mined":{"minecraft:white_bed":2,"minecraft:oak_sapling":2,"minecraft:sculk_vein":2,"alexs_armoury:tanning_rack":1,"minecraft:brewing_stand":2,"minecraft:granite":29,"minecraft:grass_block":14,"minecraft:light_gray_bed":2,"tacz:gun_smith_table":2,"minecraft:spawner":15,"minecraft:light_blue_stained_glass":3,"minecraft:tall_seagrass":1,"biomesoplenty:tall_lavender":13,"minecraft:iron_ore":1,"minecraft:barrel":1,"biomesoplenty:lavender":18,"minecraft:anvil":1,"minecraft:iron_bars":8,"biomesoplenty:webbing":5,"biomesoplenty:jacaranda_leaves":3,"minecraft:gray_terracotta":2,"mekanism:osmium_ore":1,"minecraft:quartz_block":9,"minecraft:cyan_terracotta":11,"minecraft:smoker":1,"minecraft:blue_stained_glass":2,"minecraft:soul_lantern":7,"minecraft:torch":10,"minecraft:blast_furnace":1,"minecraft:melon":4,"minecraft:chest":2,"minecraft:white_stained_glass_pane":7,"mekanism:tin_ore":1,"minecraft:glass":14,"minecraft:cobblestone":579,"minecraft:oak_planks":16,"minecraft:iron_door":2,"minecraft:wall_torch":14,"minecraft:cauldron":1,"biomesoplenty:goldenrod":1,"minecraft:chain":2,"minecraft:birch_log":11,"horror_element_mod:spiked_villager":2,"minecraft:lilac":1,"minecraft:stone_brick_stairs":1,"minecraft:smooth_stone_slab":2,"minecraft:grass":18,"minecraft:oak_log":59,"minecraft:beetroots":2,"minecraft:dirt":47,"create:crimsite":9,"minecraft:oak_leaves":56,"minecraft:blue_stained_glass_pane":7,"minecraft:dark_oak_log":13,"minecraft:gray_stained_glass_pane":5,"horror_element_mod:hanging_villager":1,"minecraft:glow_lichen":1,"minecraft:ladder":18,"biomesoplenty:bush":2,"minecraft:moss_block":4,"biomesoplenty:jacaranda_log":10,"minecraft:oak_trapdoor":1,"minecraft:furnace":3,"minecraft:carrots":8,"minecraft:andesite":4,"bunker_down:steel_vent":1,"minecraft:potatoes":37,"minecraft:rail":6,"horror_element_mod:blood_7":1,"minecraft:stripped_oak_log":2,"minecraft:stone":573,"minecraft:redstone_wall_torch":3,"minecraft:dandelion":1,"minecraft:crafting_table":7,"minecraft:gray_stained_glass":6,"minecraft:rose_bush":3,"minecraft:tall_grass":15,"minecraft:copper_ore":15,"minecraft:diorite":3,"minecraft:cobblestone_wall":15,"minecraft:redstone_torch":6,"minecraft:birch_leaves":1,"minecraft:yellow_bed":2,"minecraft:coal_ore":35,"minecraft:gravel":7,"minecraft:cobweb":1,"minecraft:cracked_stone_bricks":2,"minecraft:stone_bricks":6,"minecraft:mossy_stone_bricks":1,"minecraft:fern":1}},"DataVersion":3120}