{"stats":{"minecraft:used":{"minecraft:ladder":7,"minecraft:light_gray_bed":2},"minecraft:killed_by":{"hordes:zombie_player":1,"zombieinvasion:floaty_zombie":1,"kevin_trophy:zombie_brute":1,"minecraft:drowned":1,"minecraft:creeper":1},"minecraft:dropped":{"minecraft:light_gray_bed":1,"biomesoplenty:lavender":6},"minecraft:mined":{"minecraft:farmland":2,"biomesoplenty:lavender":8,"minecraft:spruce_log":2,"minecraft:crafting_table":1,"minecraft:ladder":7,"biomesoplenty:hanging_cobweb":1,"minecraft:grass":1,"minecraft:chest":1,"biomesoplenty:webbing":1,"minecraft:light_gray_bed":3,"minecraft:dirt":3,"minecraft:glass":1,"minecraft:spruce_leaves":4},"minecraft:crafted":{"minecraft:spruce_planks":8},"minecraft:picked_up":{"biomesoplenty:lavender":6,"minecraft:crafting_table":1,"minecraft:ladder":11,"bunker_down:steel_vent":5,"enigmaticgraves:grave_finder":1,"minecraft:spruce_log":2,"minecraft:dirt":5,"minecraft:light_gray_bed":5,"minecraft:rotten_flesh":4,"minecraft:redstone_torch":1,"minecraft:cobblestone":1},"minecraft:custom":{"minecraft:time_since_rest":148,"minecraft:sprint_one_cm":87652,"minecraft:damage_taken":1405,"minecraft:walk_one_cm":230300,"minecraft:mob_kills":1,"minecraft:drop":7,"minecraft:damage_dealt":258,"minecraft:swim_one_cm":15846,"minecraft:fly_one_cm":66417,"minecraft:open_chest":5,"minecraft:crouch_one_cm":947,"minecraft:play_time":48959,"minecraft:deaths":5,"minecraft:sneak_time":1369,"minecraft:walk_under_water_one_cm":3333,"minecraft:jump":402,"minecraft:leave_game":1,"minecraft:time_since_death":2,"minecraft:walk_on_water_one_cm":7546,"minecraft:sleep_in_bed":1,"minecraft:climb_one_cm":58740,"minecraft:total_world_time":48959,"minecraft:fall_one_cm":5856}},"DataVersion":3120}