{"stats":{"minecraft:killed_by":{"kevin_trophy:zombie_brute":1},"minecraft:used":{"minecraft:ladder":7},"minecraft:dropped":{"biomesoplenty:lavender":1},"minecraft:mined":{"minecraft:chest":1,"biomesoplenty:lavender":2,"minecraft:spruce_leaves":4,"minecraft:spruce_log":2,"minecraft:crafting_table":1,"minecraft:ladder":7},"minecraft:crafted":{"minecraft:spruce_planks":8},"minecraft:picked_up":{"biomesoplenty:lavender":1,"minecraft:crafting_table":1,"minecraft:ladder":7,"minecraft:spruce_log":2,"minecraft:cobblestone":1},"minecraft:custom":{"minecraft:time_since_rest":6974,"minecraft:open_chest":5,"minecraft:crouch_one_cm":572,"minecraft:play_time":25755,"minecraft:sprint_one_cm":38231,"minecraft:deaths":1,"minecraft:damage_taken":315,"minecraft:walk_one_cm":78898,"minecraft:sneak_time":1204,"minecraft:drop":1,"minecraft:jump":138,"minecraft:damage_dealt":24,"minecraft:time_since_death":6953,"minecraft:total_world_time":25755,"minecraft:climb_one_cm":32331,"minecraft:fall_one_cm":1615,"minecraft:fly_one_cm":12322}},"DataVersion":3120}