{"stats":{"minecraft:killed":{"hordes:zombie_player":10},"minecraft:used":{"minecraft:ladder":7,"minecraft:light_gray_bed":2},"minecraft:killed_by":{"hordes:zombie_player":3,"zombieinvasion:floaty_zombie":1,"kevin_trophy:zombie_brute":1,"minecraft:drowned":1,"zombieinvasion:knight_zombie":3,"minecraft:creeper":2,"minecraft:spider":1,"rottencreatures:undead_miner":2},"minecraft:mined":{"minecraft:farmland":2,"biomesoplenty:lavender":8,"minecraft:spruce_log":2,"minecraft:crafting_table":1,"minecraft:ladder":7,"biomesoplenty:hanging_cobweb":1,"minecraft:grass":1,"minecraft:chest":1,"biomesoplenty:webbing":1,"minecraft:light_gray_bed":3,"minecraft:dirt":3,"minecraft:glass":1,"minecraft:spruce_leaves":4},"minecraft:dropped":{"minecraft:dirt":5,"minecraft:light_gray_bed":3,"biomesoplenty:lavender":6,"minecraft:redstone_torch":1,"enigmaticgraves:grave_finder":5,"minecraft:stone_bricks":2},"minecraft:crafted":{"minecraft:spruce_planks":8},"minecraft:picked_up":{"biomesoplenty:lavender":6,"minecraft:crafting_table":1,"minecraft:ladder":11,"bunker_down:steel_vent":5,"enigmaticgraves:grave_finder":10,"minecraft:spruce_log":2,"minecraft:dirt":25,"minecraft:light_gray_bed":13,"minecraft:rotten_flesh":6,"minecraft:stone_bricks":6,"minecraft:redstone_torch":5,"minecraft:cobblestone":1},"minecraft:custom":{"minecraft:time_since_rest":436,"minecraft:sprint_one_cm":103484,"minecraft:damage_taken":4101,"minecraft:walk_one_cm":340840,"minecraft:mob_kills":11,"minecraft:drop":22,"minecraft:damage_dealt":2100,"minecraft:swim_one_cm":15846,"minecraft:fly_one_cm":76706,"minecraft:open_chest":5,"minecraft:crouch_one_cm":1145,"minecraft:play_time":60959,"minecraft:deaths":15,"minecraft:sneak_time":1423,"minecraft:walk_under_water_one_cm":3333,"minecraft:jump":529,"minecraft:leave_game":1,"minecraft:time_since_death":411,"minecraft:walk_on_water_one_cm":7546,"minecraft:sleep_in_bed":1,"minecraft:climb_one_cm":58740,"minecraft:total_world_time":60959,"minecraft:fall_one_cm":6880}},"DataVersion":3120}