{"stats":{"minecraft:killed_by":{"minecraft:player":3,"minecraft:creeper":3,"minecraft:spider":2,"minecraft:skeleton":4,"minecraft:zombie":4,"zombieinvasion:knight_zombie":2},"minecraft:mined":{"minecraft:white_bed":2,"minecraft:blue_stained_glass_pane":2,"minecraft:sculk_vein":2,"minecraft:dark_oak_log":13,"minecraft:brewing_stand":2,"minecraft:gray_stained_glass_pane":2,"horror_element_mod:hanging_villager":1,"minecraft:ladder":8,"minecraft:granite":11,"biomesoplenty:bush":1,"minecraft:grass_block":12,"minecraft:light_gray_bed":2,"minecraft:spawner":9,"minecraft:light_blue_stained_glass":3,"minecraft:tall_seagrass":1,"biomesoplenty:jacaranda_log":6,"biomesoplenty:tall_lavender":3,"minecraft:furnace":3,"minecraft:carrots":1,"minecraft:barrel":1,"biomesoplenty:lavender":4,"minecraft:anvil":1,"minecraft:potatoes":1,"minecraft:rail":6,"minecraft:iron_bars":1,"biomesoplenty:webbing":5,"horror_element_mod:blood_7":1,"minecraft:stone":119,"minecraft:redstone_wall_torch":3,"minecraft:cyan_terracotta":5,"minecraft:smoker":1,"minecraft:dandelion":1,"minecraft:soul_lantern":7,"minecraft:crafting_table":3,"minecraft:blast_furnace":1,"minecraft:gray_stained_glass":2,"minecraft:chest":1,"minecraft:white_stained_glass_pane":3,"minecraft:glass":7,"minecraft:copper_ore":4,"minecraft:cobblestone":28,"minecraft:iron_door":2,"minecraft:wall_torch":3,"minecraft:cauldron":1,"minecraft:chain":1,"minecraft:cobblestone_wall":2,"minecraft:birch_log":11,"minecraft:redstone_torch":2,"horror_element_mod:spiked_villager":2,"minecraft:birch_leaves":1,"minecraft:yellow_bed":2,"minecraft:grass":4,"minecraft:oak_log":23,"minecraft:coal_ore":3,"minecraft:beetroots":2,"minecraft:dirt":25,"minecraft:cracked_stone_bricks":1,"minecraft:stone_bricks":6,"minecraft:mossy_stone_bricks":1,"create:crimsite":9,"minecraft:oak_leaves":1,"minecraft:fern":1},"minecraft:killed":{"minecraft:cave_spider":1,"hordes:zombie_player":11,"minecraft:spider":7,"minecraft:skeleton":4,"minecraft:drowned":1,"minecraft:creeper":8,"zombieinvasion:knight_zombie":10,"minecraft:zombie":17,"zombieinvasion:party_zombie":4},"minecraft:dropped":{"biomesoplenty:lavender":11,"minecraft:cobblestone":61,"minecraft:dirt":1,"minecraft:diorite":12,"minecraft:cobbled_deepslate":1,"minecraft:rotten_flesh":3,"minecraft:iron_chestplate":1,"minecraft:mossy_stone_bricks":1,"biomesoplenty:tall_lavender":1},"minecraft:broken":{"minecraft:stone_hoe":1,"minecraft:wooden_pickaxe":1,"minecraft:stone_pickaxe":1,"minecraft:wooden_axe":2},"minecraft:crafted":{"minecraft:oak_door":3,"minecraft:oak_planks":8,"immersive_armors:wooden_chestplate":1,"minecraft:stone_pickaxe":2,"minecraft:chest":1,"immersive_armors:wooden_helmet":1,"minecraft:dark_oak_planks":12,"biomesoplenty:jacaranda_planks":24,"minecraft:crafting_table":2,"minecraft:wooden_pickaxe":2,"immersive_armors:wooden_leggings":1,"minecraft:birch_planks":8,"minecraft:bread":3,"immersive_armors:wooden_boots":1,"minecraft:stick":12,"minecraft:wooden_axe":3,"minecraft:stone_sword":1},"minecraft:used":{"minecraft:stone_sword":55,"minecraft:chest":2,"minecraft:iron_sword":177,"minecraft:stone_hoe":66,"minecraft:oak_door":4,"minecraft:torch":4,"minecraft:dirt":56,"bunker_down:brittle_pickaxe":21,"minecraft:carrot":3,"minecraft:granite":10,"minecraft:wooden_axe":65,"minecraft:birch_sapling":2,"bunker_down:airlock_iron_door":1,"immersive_armors:wooden_chestplate":2,"minecraft:oak_sapling":1,"minecraft:furnace":2,"minecraft:potato":4,"minecraft:light_gray_bed":4,"immersive_armors:wooden_helmet":2,"bunker_down:steel_vent":2,"minecraft:mossy_stone_bricks":1,"minecraft:leather_leggings":1,"minecraft:stone_pickaxe":158,"minecraft:wooden_pickaxe":79,"minecraft:crafting_table":4,"minecraft:white_bed":2,"biomesoplenty:jacaranda_planks":4,"minecraft:redstone_torch":5,"minecraft:light_gray_concrete":1,"minecraft:bread":18,"minecraft:soul_lantern":1,"minecraft:stone_axe":1,"immersive_armors:wooden_boots":2,"minecraft:cobblestone":178,"minecraft:smooth_stone_slab":2,"minecraft:yellow_bed":1,"immersive_armors:wooden_leggings":2},"minecraft:picked_up":{"minecraft:wooden_axe":4,"minecraft:charcoal":5,"minecraft:iron_chestplate":1,"minecraft:crafting_table":8,"minecraft:wheat":19,"minecraft:exposed_copper":1,"minecraft:ladder":16,"minecraft:anvil":1,"minecraft:leather_leggings":1,"minecraft:wooden_pickaxe":2,"minecraft:chain":1,"minecraft:brewing_stand":6,"minecraft:string":24,"minecraft:raw_copper":26,"horror_element_mod:blood_3":1,"minecraft:smooth_stone_slab":2,"biomesoplenty:tall_lavender":5,"minecraft:beetroot":6,"minecraft:cracked_stone_bricks":1,"immersive_armors:wooden_leggings":2,"minecraft:redstone_torch":8,"minecraft:iron_nugget":26,"minecraft:poppy":4,"minecraft:enchanted_golden_apple":2,"minecraft:melon_slice":2,"minecraft:chest":3,"minecraft:birch_sapling":2,"minecraft:iron_boots":2,"minecraft:furnace":6,"minecraft:egg":1,"minecraft:stick":23,"minecraft:oak_door":1,"minecraft:torch":6,"minecraft:carrot":5,"minecraft:redstone":4,"minecraft:cauldron":3,"minecraft:quartz_block":27,"minecraft:stone_sword":2,"immersive_armors:wooden_helmet":2,"minecraft:arrow":1,"minecraft:light_gray_bed":15,"minecraft:rotten_flesh":91,"biomesoplenty:jacaranda_log":6,"minecraft:beetroot_seeds":12,"minecraft:peony":2,"minecraft:cyan_terracotta":10,"minecraft:cracked_deepslate_bricks":4,"minecraft:saddle":3,"minecraft:rail":24,"minecraft:cobblestone":189,"biomesoplenty:lavender":17,"bunker_down:ceiling_lamp":1,"minecraft:birch_log":13,"bunker_down:brittle_pickaxe":1,"minecraft:iron_door":4,"minecraft:leather":3,"minecraft:smoker":1,"bunker_down:steel_vent":8,"minecraft:potato":8,"minecraft:birch_planks":5,"minecraft:oak_log":26,"enigmaticgraves:grave_finder":7,"minecraft:gunpowder":72,"bunker_down:airlock_iron_door":1,"minecraft:cobblestone_wall":6,"minecraft:yellow_bed":3,"horror_element_mod:villager_head":1,"biomesoplenty:jacaranda_planks":17,"mca:book_romance":1,"minecraft:dirt":107,"minecraft:name_tag":4,"minecraft:bone":15,"minecraft:stone_bricks":30,"minecraft:wheat_seeds":5,"minecraft:stone_pickaxe":2,"minecraft:cobweb":4,"minecraft:mossy_stone_bricks":4,"minecraft:glowstone_dust":2,"minecraft:iron_sword":1,"minecraft:oak_planks":2,"horror_element_mod:blood_7":1,"minecraft:pumpkin":2,"minecraft:music_disc_13":2,"bunker_down:underroot_stage_1":2,"minecraft:quartz":1,"minecraft:dandelion":8,"minecraft:poisonous_potato":1,"minecraft:blast_furnace":1,"minecraft:white_bed":6,"minecraft:dark_oak_log":14,"minecraft:spider_eye":7,"minecraft:barrel":1,"minecraft:light_gray_terracotta":8,"minecraft:light_gray_concrete":11,"minecraft:pumpkin_seeds":14,"create:crimsite":18,"minecraft:soul_lantern":7,"immersive_armors:wooden_chestplate":2,"minecraft:chainmail_leggings":3,"minecraft:iron_helmet":1,"minecraft:granite":11,"minecraft:golden_apple":2,"minecraft:emerald":4,"minecraft:bread":6,"minecraft:oak_sapling":1,"immersive_armors:wooden_boots":2,"minecraft:coal":15},"minecraft:custom":{"minecraft:mob_kills":63,"minecraft:interact_with_crafting_table":25,"minecraft:open_barrel":14,"minecraft:leave_game":2,"minecraft:time_since_death":46730,"minecraft:climb_one_cm":79234,"minecraft:sprint_one_cm":597867,"minecraft:walk_one_cm":1710776,"minecraft:drop":12,"minecraft:talked_to_villager":3,"minecraft:play_time":269752,"minecraft:sneak_time":13222,"minecraft:deaths":22,"minecraft:walk_under_water_one_cm":10857,"minecraft:jump":2785,"minecraft:interact_with_blast_furnace":2,"minecraft:walk_on_water_one_cm":14735,"minecraft:total_world_time":269752,"minecraft:interact_with_furnace":11,"minecraft:sleep_in_bed":14,"minecraft:time_since_rest":25679,"minecraft:damage_taken":7171,"minecraft:damage_dealt":12621,"minecraft:swim_one_cm":54532,"minecraft:fly_one_cm":555168,"minecraft:player_kills":3,"minecraft:open_chest":63,"minecraft:crouch_one_cm":53242,"minecraft:interact_with_smoker":2,"minecraft:fall_one_cm":50662}},"DataVersion":3120}