{"stats":{"minecraft:custom":{"minecraft:time_since_rest":2441,"minecraft:open_chest":3,"minecraft:play_time":15334,"minecraft:crouch_one_cm":536,"minecraft:sprint_one_cm":190,"minecraft:deaths":1,"minecraft:damage_taken":203,"minecraft:walk_one_cm":29084,"minecraft:sneak_time":1787,"minecraft:drop":6,"minecraft:jump":121,"minecraft:time_since_death":2416,"minecraft:total_world_time":15334,"minecraft:climb_one_cm":36110,"minecraft:fall_one_cm":5298,"minecraft:fly_one_cm":22797,"minecraft:open_barrel":1},"minecraft:used":{"apocalypsenow:chainsaw":22,"biomesoplenty:tall_lavender":1,"ad_astra:tier_4_rocket":1,"ad_astra:launch_pad":3},"minecraft:picked_up":{"biomesoplenty:lavender":31,"biomesoplenty:tall_lavender":1,"minecraft:dandelion":1,"minecraft:dark_oak_log":3,"minecraft:dirt":3},"minecraft:mined":{"minecraft:grass":28,"minecraft:grass_block":2,"biomesoplenty:tall_lavender":6,"minecraft:tall_grass":4,"biomesoplenty:lavender":78},"minecraft:dropped":{"ad_astra:launch_pad":1,"minecraft:dark_oak_log":3,"ad_astra:tier_4_rocket":1,"minecraft:dandelion":1}},"DataVersion":3120}