{"stats":{"minecraft:killed_by":{"minecraft:skeleton":1,"minecraft:creeper":1},"minecraft:mined":{"biomesoplenty:jacaranda_log":6,"biomesoplenty:tall_lavender":3,"biomesoplenty:lavender":4,"minecraft:crafting_table":2,"minecraft:ladder":4,"minecraft:grass":2,"minecraft:grass_block":3,"minecraft:chest":1,"biomesoplenty:webbing":3,"minecraft:light_gray_bed":2,"minecraft:dirt":6,"minecraft:glass":1,"minecraft:cobblestone":5,"minecraft:stone":1},"minecraft:dropped":{"biomesoplenty:lavender":11,"biomesoplenty:tall_lavender":1},"minecraft:crafted":{"biomesoplenty:jacaranda_planks":24,"minecraft:crafting_table":1,"minecraft:stick":4,"minecraft:wooden_pickaxe":1,"minecraft:wooden_axe":1},"minecraft:used":{"minecraft:wooden_axe":4,"minecraft:crafting_table":1,"bunker_down:brittle_pickaxe":19,"minecraft:potato":1},"minecraft:picked_up":{"biomesoplenty:lavender":14,"minecraft:crafting_table":2,"minecraft:ladder":4,"minecraft:torch":1,"minecraft:dirt":9,"minecraft:light_gray_concrete":1,"biomesoplenty:tall_lavender":3,"minecraft:light_gray_bed":2,"biomesoplenty:jacaranda_log":6,"minecraft:wheat_seeds":1,"minecraft:redstone_torch":1,"minecraft:chest":1,"minecraft:cobblestone":6},"minecraft:custom":{"minecraft:time_since_rest":8959,"minecraft:sprint_one_cm":120721,"minecraft:damage_taken":1251,"minecraft:walk_one_cm":251924,"minecraft:drop":3,"minecraft:damage_dealt":131,"minecraft:interact_with_crafting_table":1,"minecraft:swim_one_cm":15306,"minecraft:fly_one_cm":92476,"minecraft:open_chest":2,"minecraft:crouch_one_cm":38,"minecraft:play_time":44027,"minecraft:deaths":4,"minecraft:sneak_time":489,"minecraft:walk_under_water_one_cm":2072,"minecraft:jump":394,"minecraft:time_since_death":8838,"minecraft:walk_on_water_one_cm":1807,"minecraft:climb_one_cm":39043,"minecraft:total_world_time":44027,"minecraft:fall_one_cm":9158}},"DataVersion":3120}