{"stats":{"minecraft:killed_by":{"minecraft:player":4,"minecraft:stray":1,"minecraft:creeper":5,"minecraft:spider":2,"zombieinvasion:party_zombie":1,"hordes:zombie_player":1,"minecraft:skeleton":5,"minecraft:zombie":4,"zombieinvasion:knight_zombie":3},"minecraft:mined":{"minecraft:white_bed":2,"minecraft:blue_stained_glass_pane":2,"minecraft:sculk_vein":2,"minecraft:dark_oak_log":13,"minecraft:brewing_stand":2,"horror_element_mod:hanging_villager":1,"minecraft:gray_stained_glass_pane":2,"minecraft:ladder":10,"minecraft:granite":11,"biomesoplenty:bush":1,"minecraft:grass_block":13,"minecraft:light_gray_bed":2,"minecraft:spawner":15,"minecraft:light_blue_stained_glass":3,"minecraft:tall_seagrass":1,"biomesoplenty:jacaranda_log":6,"biomesoplenty:tall_lavender":3,"minecraft:furnace":3,"minecraft:carrots":1,"minecraft:barrel":1,"biomesoplenty:lavender":6,"minecraft:anvil":1,"minecraft:potatoes":1,"biomesoplenty:webbing":5,"minecraft:iron_bars":3,"minecraft:rail":6,"horror_element_mod:blood_7":1,"minecraft:stone":119,"minecraft:redstone_wall_torch":3,"minecraft:quartz_block":3,"minecraft:cyan_terracotta":5,"minecraft:smoker":1,"minecraft:dandelion":1,"minecraft:blue_stained_glass":2,"minecraft:soul_lantern":7,"minecraft:crafting_table":5,"minecraft:blast_furnace":1,"minecraft:gray_stained_glass":4,"minecraft:chest":1,"minecraft:white_stained_glass_pane":3,"minecraft:copper_ore":4,"minecraft:glass":13,"minecraft:cobblestone":58,"minecraft:iron_door":2,"minecraft:wall_torch":3,"minecraft:cauldron":1,"minecraft:chain":2,"minecraft:cobblestone_wall":3,"minecraft:birch_log":11,"minecraft:redstone_torch":2,"horror_element_mod:spiked_villager":2,"minecraft:birch_leaves":1,"minecraft:stone_brick_stairs":1,"minecraft:yellow_bed":2,"minecraft:grass":4,"minecraft:oak_log":23,"minecraft:coal_ore":3,"minecraft:beetroots":2,"minecraft:dirt":25,"minecraft:cobweb":1,"minecraft:cracked_stone_bricks":2,"minecraft:stone_bricks":6,"minecraft:mossy_stone_bricks":1,"create:crimsite":9,"minecraft:oak_leaves":2,"minecraft:fern":1},"minecraft:killed":{"minecraft:cave_spider":1,"hordes:zombie_player":16,"minecraft:spider":29,"minecraft:skeleton":18,"minecraft:drowned":1,"minecraft:creeper":10,"zombieinvasion:knight_zombie":10,"minecraft:zombie":19,"zombieinvasion:party_zombie":5},"minecraft:dropped":{"biomesoplenty:lavender":11,"minecraft:cobblestone":74,"enigmaticgraves:grave_finder":10,"create:crimsite":18,"minecraft:cracked_stone_bricks":2,"minecraft:dirt":33,"minecraft:diorite":12,"minecraft:string":1,"minecraft:stone_sword":1,"minecraft:cobbled_deepslate":1,"minecraft:smooth_stone_slab":3,"minecraft:birch_sapling":1,"minecraft:rotten_flesh":3,"minecraft:glowstone_dust":2,"minecraft:pumpkin_seeds":14,"minecraft:potato":2,"minecraft:iron_chestplate":1,"minecraft:charcoal":5,"minecraft:beetroot_seeds":3,"minecraft:melon_seeds":2,"minecraft:mossy_stone_bricks":2,"minecraft:ladder":2,"minecraft:spider_eye":6,"minecraft:iron_bars":2,"minecraft:cracked_deepslate_bricks":2,"biomesoplenty:tall_lavender":1},"minecraft:broken":{"minecraft:stone_hoe":1,"minecraft:wooden_pickaxe":1,"minecraft:stone_pickaxe":1,"minecraft:iron_sword":1,"minecraft:wooden_axe":2},"minecraft:crafted":{"minecraft:oak_door":3,"minecraft:oak_planks":12,"immersive_armors:wooden_chestplate":1,"minecraft:stone_pickaxe":2,"minecraft:chest":1,"immersive_armors:wooden_helmet":1,"minecraft:dark_oak_planks":16,"biomesoplenty:jacaranda_planks":24,"minecraft:crafting_table":3,"minecraft:wooden_pickaxe":2,"minecraft:baked_potato":6,"immersive_armors:wooden_leggings":1,"minecraft:birch_planks":8,"minecraft:bread":3,"minecraft:air":0,"immersive_armors:wooden_boots":1,"minecraft:shield":1,"minecraft:stick":12,"minecraft:wooden_axe":3,"minecraft:stone_sword":2},"minecraft:used":{"minecraft:stone_sword":111,"minecraft:ladder":2,"minecraft:chest":2,"minecraft:shield":40,"minecraft:iron_sword":286,"minecraft:rotten_flesh":22,"minecraft:stone_hoe":66,"minecraft:oak_door":4,"minecraft:torch":4,"minecraft:dirt":56,"bunker_down:brittle_pickaxe":21,"minecraft:carrot":3,"minecraft:granite":10,"minecraft:wooden_axe":67,"minecraft:birch_sapling":2,"minecraft:quartz_block":10,"minecraft:stone_bricks":35,"bunker_down:airlock_iron_door":1,"immersive_armors:wooden_chestplate":4,"minecraft:oak_sapling":1,"minecraft:furnace":3,"minecraft:potato":4,"minecraft:light_gray_bed":6,"immersive_armors:wooden_helmet":3,"bunker_down:steel_vent":2,"minecraft:mossy_stone_bricks":1,"minecraft:leather_leggings":1,"minecraft:birch_planks":1,"minecraft:baked_potato":4,"minecraft:stone_pickaxe":222,"minecraft:wooden_pickaxe":79,"minecraft:cracked_stone_bricks":1,"minecraft:crafting_table":7,"minecraft:white_bed":2,"biomesoplenty:jacaranda_planks":4,"minecraft:redstone_torch":5,"minecraft:light_gray_concrete":1,"minecraft:bread":18,"minecraft:soul_lantern":1,"minecraft:stone_axe":1,"immersive_armors:wooden_boots":4,"minecraft:cobblestone":208,"minecraft:cooked_porkchop":6,"minecraft:smooth_stone_slab":2,"minecraft:yellow_bed":1,"immersive_armors:wooden_leggings":2},"minecraft:picked_up":{"minecraft:wooden_axe":7,"minecraft:charcoal":20,"minecraft:iron_chestplate":1,"minecraft:crafting_table":12,"minecraft:wheat":30,"minecraft:exposed_copper":1,"minecraft:ladder":20,"minecraft:anvil":1,"minecraft:leather_leggings":1,"minecraft:wooden_pickaxe":2,"minecraft:chain":1,"minecraft:brewing_stand":10,"minecraft:shield":1,"minecraft:string":76,"minecraft:raw_copper":65,"horror_element_mod:blood_3":1,"minecraft:smooth_stone_slab":6,"biomesoplenty:tall_lavender":5,"minecraft:experience_bottle":1,"minecraft:beetroot":6,"minecraft:cracked_stone_bricks":4,"immersive_armors:wooden_leggings":6,"minecraft:redstone_torch":8,"minecraft:iron_nugget":53,"minecraft:poppy":4,"minecraft:enchanted_golden_apple":4,"minecraft:melon_slice":2,"minecraft:chest":3,"minecraft:birch_sapling":4,"minecraft:furnace":9,"minecraft:iron_boots":4,"minecraft:egg":1,"minecraft:stick":42,"minecraft:oak_door":1,"minecraft:torch":6,"minecraft:carrot":5,"minecraft:redstone":8,"minecraft:cauldron":4,"minecraft:goat_horn":2,"minecraft:quartz_block":95,"minecraft:stone_sword":5,"immersive_armors:wooden_helmet":6,"minecraft:arrow":7,"minecraft:light_gray_bed":22,"minecraft:rotten_flesh":133,"biomesoplenty:jacaranda_log":6,"minecraft:beetroot_seeds":18,"minecraft:peony":2,"minecraft:cyan_terracotta":10,"minecraft:cracked_deepslate_bricks":6,"minecraft:saddle":5,"minecraft:iron_bars":4,"minecraft:rail":55,"minecraft:cobblestone":280,"bunker_down:ceiling_lamp":1,"biomesoplenty:lavender":17,"minecraft:birch_log":13,"bunker_down:brittle_pickaxe":1,"minecraft:iron_door":4,"minecraft:leather":3,"minecraft:smoker":1,"bunker_down:steel_vent":8,"minecraft:potato":15,"minecraft:birch_planks":14,"minecraft:oak_log":28,"enigmaticgraves:grave_finder":18,"bunker_down:airlock_iron_door":1,"minecraft:cobblestone_wall":12,"minecraft:yellow_bed":3,"horror_element_mod:villager_head":1,"biomesoplenty:jacaranda_planks":17,"minecraft:gunpowder":141,"mca:book_romance":1,"minecraft:dirt":154,"minecraft:name_tag":8,"minecraft:bone":31,"minecraft:stone_bricks":84,"minecraft:wheat_seeds":5,"minecraft:creeper_spawn_egg":12,"minecraft:iron_ingot":3,"minecraft:stone_pickaxe":6,"minecraft:cobweb":4,"minecraft:mossy_stone_bricks":6,"minecraft:glowstone_dust":4,"minecraft:iron_sword":4,"minecraft:oak_planks":2,"horror_element_mod:blood_7":1,"minecraft:cooked_porkchop":7,"minecraft:pumpkin":2,"minecraft:music_disc_13":3,"bunker_down:underroot_stage_1":2,"minecraft:quartz":1,"minecraft:dandelion":8,"minecraft:poisonous_potato":1,"minecraft:blast_furnace":1,"minecraft:white_bed":6,"minecraft:dark_oak_log":18,"minecraft:spider_eye":13,"minecraft:barrel":1,"minecraft:light_gray_terracotta":12,"minecraft:light_gray_concrete":11,"minecraft:pumpkin_seeds":28,"create:crimsite":45,"minecraft:soul_lantern":7,"minecraft:chainmail_leggings":6,"immersive_armors:wooden_chestplate":6,"minecraft:iron_helmet":1,"minecraft:granite":11,"minecraft:golden_apple":4,"minecraft:emerald":4,"minecraft:bread":6,"minecraft:baked_potato":2,"minecraft:oak_sapling":1,"immersive_armors:wooden_boots":6,"minecraft:coal":21},"minecraft:custom":{"minecraft:mob_kills":108,"minecraft:interact_with_crafting_table":31,"minecraft:open_barrel":14,"minecraft:leave_game":3,"minecraft:time_since_death":5595,"minecraft:climb_one_cm":102608,"minecraft:sprint_one_cm":939598,"minecraft:walk_one_cm":2292407,"minecraft:damage_blocked_by_shield":920,"minecraft:drop":54,"minecraft:talked_to_villager":3,"minecraft:play_time":358817,"minecraft:sneak_time":17981,"minecraft:deaths":32,"minecraft:walk_under_water_one_cm":12909,"minecraft:jump":4231,"minecraft:interact_with_blast_furnace":2,"minecraft:walk_on_water_one_cm":33100,"minecraft:total_world_time":358817,"minecraft:interact_with_furnace":15,"minecraft:sleep_in_bed":14,"minecraft:time_since_rest":5620,"minecraft:damage_taken":10269,"minecraft:damage_dealt":19788,"minecraft:swim_one_cm":71309,"minecraft:fly_one_cm":917588,"minecraft:player_kills":3,"minecraft:open_chest":74,"minecraft:crouch_one_cm":73715,"minecraft:interact_with_smoker":2,"minecraft:fall_one_cm":72796}},"DataVersion":3120}