{"stats":{"minecraft:killed":{"hordes:zombie_player":14,"minecraft:spider":2},"minecraft:used":{"minecraft:ladder":7,"minecraft:light_gray_bed":2},"minecraft:killed_by":{"zombieinvasion:party_zombie":1,"hordes:zombie_player":5,"zombieinvasion:floaty_zombie":1,"kevin_trophy:zombie_brute":1,"minecraft:drowned":1,"zombieinvasion:knight_zombie":4,"minecraft:skeleton":1,"minecraft:creeper":2,"minecraft:spider":2,"rottencreatures:undead_miner":2},"minecraft:mined":{"minecraft:farmland":2,"biomesoplenty:lavender":8,"minecraft:spruce_log":2,"minecraft:crafting_table":1,"minecraft:ladder":7,"biomesoplenty:hanging_cobweb":1,"minecraft:grass":1,"minecraft:chest":1,"biomesoplenty:webbing":1,"minecraft:light_gray_bed":3,"minecraft:dirt":3,"minecraft:glass":1,"minecraft:spruce_leaves":4},"minecraft:dropped":{"minecraft:dirt":5,"minecraft:light_gray_bed":3,"biomesoplenty:lavender":6,"minecraft:redstone_torch":1,"enigmaticgraves:grave_finder":9,"minecraft:stone_bricks":2},"minecraft:crafted":{"minecraft:spruce_planks":8},"minecraft:picked_up":{"biomesoplenty:lavender":6,"minecraft:crafting_table":1,"minecraft:ladder":11,"bunker_down:steel_vent":5,"enigmaticgraves:grave_finder":15,"minecraft:spruce_log":2,"minecraft:string":1,"minecraft:spider_eye":1,"minecraft:dirt":25,"minecraft:light_gray_bed":13,"minecraft:rotten_flesh":8,"minecraft:stone_bricks":6,"minecraft:redstone_torch":5,"minecraft:cobblestone":1},"minecraft:custom":{"minecraft:time_since_rest":2710,"minecraft:sprint_one_cm":123858,"minecraft:damage_taken":5796,"minecraft:walk_one_cm":414688,"minecraft:mob_kills":18,"minecraft:drop":26,"minecraft:damage_dealt":3188,"minecraft:swim_one_cm":15846,"minecraft:fly_one_cm":88380,"minecraft:open_chest":5,"minecraft:crouch_one_cm":9360,"minecraft:play_time":72897,"minecraft:sneak_time":3115,"minecraft:deaths":21,"minecraft:walk_under_water_one_cm":3333,"minecraft:jump":657,"minecraft:leave_game":2,"minecraft:time_since_death":2685,"minecraft:walk_on_water_one_cm":7546,"minecraft:sleep_in_bed":1,"minecraft:total_world_time":72897,"minecraft:climb_one_cm":64748,"minecraft:fall_one_cm":9298}},"DataVersion":3120}