{"stats":{"minecraft:killed_by":{"minecraft:skeleton":2,"minecraft:creeper":1},"minecraft:mined":{"biomesoplenty:jacaranda_log":6,"biomesoplenty:tall_lavender":3,"biomesoplenty:lavender":4,"minecraft:crafting_table":2,"minecraft:ladder":4,"minecraft:grass":2,"minecraft:grass_block":3,"minecraft:chest":1,"biomesoplenty:webbing":3,"minecraft:light_gray_bed":2,"minecraft:dirt":6,"minecraft:glass":1,"minecraft:cobblestone":6,"minecraft:stone":1,"minecraft:iron_door":1},"minecraft:killed":{"minecraft:zombie":3,"hordes:zombie_player":2},"minecraft:dropped":{"biomesoplenty:lavender":11,"biomesoplenty:tall_lavender":1},"minecraft:crafted":{"biomesoplenty:jacaranda_planks":24,"minecraft:crafting_table":1,"minecraft:stick":4,"minecraft:wooden_pickaxe":1,"minecraft:wooden_axe":1},"minecraft:used":{"minecraft:wooden_axe":19,"minecraft:cobblestone":1,"minecraft:crafting_table":2,"bunker_down:brittle_pickaxe":21,"minecraft:potato":1,"minecraft:light_gray_bed":3},"minecraft:picked_up":{"minecraft:wooden_axe":3,"biomesoplenty:lavender":17,"minecraft:stick":12,"minecraft:crafting_table":5,"bunker_down:brittle_pickaxe":1,"minecraft:ladder":8,"minecraft:iron_door":2,"bunker_down:underroot_stage_1":2,"minecraft:torch":2,"minecraft:wooden_pickaxe":1,"minecraft:poisonous_potato":1,"minecraft:potato":1,"biomesoplenty:jacaranda_planks":12,"minecraft:dirt":18,"minecraft:light_gray_concrete":2,"biomesoplenty:tall_lavender":5,"minecraft:bone":1,"minecraft:light_gray_bed":11,"biomesoplenty:jacaranda_log":6,"minecraft:wheat_seeds":3,"minecraft:cobweb":4,"minecraft:redstone_torch":2,"minecraft:chest":2,"minecraft:oak_planks":2,"minecraft:cobblestone":13},"minecraft:custom":{"minecraft:time_since_rest":2164,"minecraft:sprint_one_cm":142678,"minecraft:damage_taken":1476,"minecraft:walk_one_cm":350496,"minecraft:mob_kills":5,"minecraft:drop":3,"minecraft:damage_dealt":1028,"minecraft:interact_with_crafting_table":4,"minecraft:swim_one_cm":15306,"minecraft:fly_one_cm":104156,"minecraft:open_chest":2,"minecraft:crouch_one_cm":38,"minecraft:play_time":56027,"minecraft:deaths":5,"minecraft:sneak_time":489,"minecraft:walk_under_water_one_cm":2072,"minecraft:jump":475,"minecraft:time_since_death":2142,"minecraft:walk_on_water_one_cm":1807,"minecraft:sleep_in_bed":3,"minecraft:climb_one_cm":39043,"minecraft:total_world_time":56027,"minecraft:fall_one_cm":9580}},"DataVersion":3120}