{"stats":{"minecraft:killed_by":{"minecraft:skeleton":2,"minecraft:creeper":1},"minecraft:mined":{"minecraft:blue_stained_glass_pane":2,"minecraft:cyan_terracotta":5,"minecraft:brewing_stand":2,"minecraft:gray_stained_glass_pane":2,"minecraft:crafting_table":2,"minecraft:ladder":4,"minecraft:grass_block":3,"minecraft:chest":1,"minecraft:light_gray_bed":2,"minecraft:glass":1,"minecraft:cobblestone":6,"minecraft:iron_door":1,"minecraft:cauldron":1,"minecraft:spawner":4,"biomesoplenty:jacaranda_log":6,"biomesoplenty:tall_lavender":3,"minecraft:cobblestone_wall":2,"minecraft:furnace":2,"minecraft:birch_log":11,"biomesoplenty:lavender":4,"minecraft:birch_leaves":1,"minecraft:rail":6,"minecraft:grass":2,"minecraft:oak_log":16,"minecraft:iron_bars":1,"biomesoplenty:webbing":3,"minecraft:dirt":7,"minecraft:stone_bricks":5,"minecraft:stone":60,"minecraft:mossy_stone_bricks":1},"minecraft:killed":{"hordes:zombie_player":3,"minecraft:spider":2,"minecraft:creeper":1,"minecraft:skeleton":4,"zombieinvasion:knight_zombie":2,"minecraft:zombie":4,"zombieinvasion:party_zombie":1},"minecraft:dropped":{"biomesoplenty:lavender":11,"biomesoplenty:tall_lavender":1},"minecraft:broken":{"minecraft:wooden_axe":2},"minecraft:crafted":{"biomesoplenty:jacaranda_planks":24,"minecraft:crafting_table":1,"minecraft:wooden_pickaxe":1,"immersive_armors:wooden_leggings":1,"immersive_armors:wooden_chestplate":1,"immersive_armors:wooden_boots":1,"minecraft:stick":4,"minecraft:stone_pickaxe":1,"minecraft:wooden_axe":2,"minecraft:stone_sword":1,"immersive_armors:wooden_helmet":1},"minecraft:used":{"minecraft:stone_sword":13,"minecraft:stone_pickaxe":51,"minecraft:chest":1,"minecraft:wooden_pickaxe":38,"minecraft:iron_sword":41,"minecraft:dirt":9,"minecraft:crafting_table":3,"bunker_down:brittle_pickaxe":21,"biomesoplenty:jacaranda_planks":4,"minecraft:wooden_axe":50,"minecraft:bread":1,"minecraft:birch_sapling":2,"minecraft:cobblestone":49,"minecraft:oak_sapling":1,"minecraft:smooth_stone_slab":2,"minecraft:potato":1,"minecraft:light_gray_bed":3},"minecraft:picked_up":{"minecraft:wooden_axe":4,"biomesoplenty:lavender":17,"minecraft:birch_log":13,"minecraft:crafting_table":6,"minecraft:wheat":4,"bunker_down:brittle_pickaxe":1,"minecraft:ladder":8,"minecraft:iron_door":2,"minecraft:wooden_pickaxe":2,"minecraft:potato":1,"minecraft:oak_log":19,"minecraft:brewing_stand":4,"minecraft:gunpowder":22,"biomesoplenty:jacaranda_planks":17,"minecraft:cobblestone_wall":4,"minecraft:string":10,"minecraft:dirt":25,"minecraft:name_tag":2,"minecraft:smooth_stone_slab":2,"biomesoplenty:tall_lavender":5,"minecraft:bone":6,"minecraft:stone_bricks":5,"minecraft:wheat_seeds":3,"minecraft:stone_pickaxe":1,"minecraft:cobweb":4,"immersive_armors:wooden_leggings":1,"minecraft:redstone_torch":2,"minecraft:mossy_stone_bricks":1,"minecraft:enchanted_golden_apple":1,"minecraft:iron_sword":1,"minecraft:chest":3,"minecraft:birch_sapling":2,"minecraft:oak_planks":2,"minecraft:furnace":4,"minecraft:stick":21,"minecraft:music_disc_13":1,"bunker_down:underroot_stage_1":2,"minecraft:torch":3,"minecraft:poisonous_potato":1,"minecraft:redstone":2,"minecraft:spider_eye":2,"minecraft:cauldron":2,"minecraft:rotten_flesh":3,"immersive_armors:wooden_helmet":1,"minecraft:stone_sword":1,"minecraft:pumpkin_seeds":7,"minecraft:light_gray_concrete":2,"minecraft:arrow":1,"minecraft:light_gray_bed":12,"biomesoplenty:jacaranda_log":6,"immersive_armors:wooden_chestplate":1,"minecraft:cyan_terracotta":10,"minecraft:cracked_deepslate_bricks":2,"minecraft:golden_apple":1,"minecraft:saddle":1,"minecraft:oak_sapling":1,"immersive_armors:wooden_boots":1,"minecraft:rail":6,"minecraft:cobblestone":72},"minecraft:custom":{"minecraft:interact_with_furnace":6,"minecraft:mob_kills":16,"minecraft:interact_with_crafting_table":11,"minecraft:open_barrel":7,"minecraft:time_since_death":7250,"minecraft:sleep_in_bed":3,"minecraft:climb_one_cm":44985,"minecraft:time_since_rest":7272,"minecraft:sprint_one_cm":195858,"minecraft:damage_taken":2031,"minecraft:walk_one_cm":607247,"minecraft:drop":3,"minecraft:damage_dealt":3464,"minecraft:swim_one_cm":15306,"minecraft:fly_one_cm":126307,"minecraft:open_chest":7,"minecraft:crouch_one_cm":5373,"minecraft:play_time":92027,"minecraft:deaths":7,"minecraft:sneak_time":2736,"minecraft:walk_under_water_one_cm":2072,"minecraft:jump":645,"minecraft:walk_on_water_one_cm":1807,"minecraft:interact_with_smoker":1,"minecraft:total_world_time":92027,"minecraft:fall_one_cm":13041}},"DataVersion":3120}