{"stats":{"minecraft:mined":{"minecraft:grass":1,"biomesoplenty:lavender":2},"minecraft:picked_up":{"biomesoplenty:lavender":1},"minecraft:custom":{"minecraft:jump":32,"minecraft:time_since_rest":3675,"minecraft:damage_dealt":30,"minecraft:crouch_one_cm":178,"minecraft:sprint_one_cm":4800,"minecraft:play_time":3675,"minecraft:damage_taken":130,"minecraft:time_since_death":3675,"minecraft:walk_one_cm":1875,"minecraft:sneak_time":23,"minecraft:climb_one_cm":11550,"minecraft:total_world_time":3675,"minecraft:fall_one_cm":1529,"minecraft:fly_one_cm":5865}},"DataVersion":3120}