{"stats":{"minecraft:broken":{"minecraft:stone_pickaxe":2,"minecraft:stone_axe":1},"minecraft:crafted":{"minecraft:oak_planks":516,"minecraft:cooked_chicken":1,"minecraft:cooked_mutton":10,"immersive_armors:wooden_chestplate":1,"minecraft:chest":4,"immersive_armors:wooden_helmet":1,"minecraft:stone_hoe":2,"minecraft:oak_slab":12,"minecraft:wooden_shovel":2,"minecraft:cooked_porkchop":8,"minecraft:crafting_table":4,"minecraft:spruce_planks":32,"minecraft:wooden_pickaxe":4,"minecraft:baked_potato":84,"immersive_armors:wooden_leggings":1,"minecraft:campfire":1,"immersive_armors:wooden_boots":1,"minecraft:iron_chestplate":2,"minecraft:charcoal":55,"minecraft:stick":80,"minecraft:iron_ingot":42,"minecraft:iron_pickaxe":2,"minecraft:stone_sword":4,"minecraft:wooden_sword":4,"minecraft:stone_shovel":1,"minecraft:furnace":4,"minecraft:bone_meal":84,"minecraft:oak_trapdoor":2,"minecraft:iron_axe":2,"minecraft:stone_pickaxe":8,"minecraft:cobblestone_wall":240,"minecraft:dark_oak_planks":16,"minecraft:minecart":1,"minecraft:wheat":108,"minecraft:cooked_beef":2,"biomesoplenty:redwood_planks":84,"minecraft:iron_sword":1,"minecraft:bucket":1,"minecraft:stone_axe":7,"minecraft:bread":39,"minecraft:air":0,"minecraft:wooden_axe":2,"minecraft:white_bed":1,"minecraft:torch":128},"minecraft:custom":{"minecraft:interact_with_crafting_table":66,"minecraft:leave_game":4,"minecraft:time_since_death":53234,"minecraft:sprint_one_cm":944289,"minecraft:drop":108,"minecraft:talked_to_villager":6,"minecraft:play_time":288455,"minecraft:deaths":42,"minecraft:jump":6250,"minecraft:walk_on_water_one_cm":54007,"minecraft:interact_with_furnace":81,"minecraft:sleep_in_bed":8,"minecraft:damage_dealt":9148,"minecraft:crouch_one_cm":102127,"minecraft:mob_kills":65,"minecraft:interact_with_campfire":16,"minecraft:climb_one_cm":31697,"minecraft:walk_one_cm":567190,"minecraft:sneak_time":34685,"minecraft:walk_under_water_one_cm":97978,"minecraft:total_world_time":288455,"minecraft:time_since_rest":53258,"minecraft:damage_taken":14489,"minecraft:trigger_trapped_chest":2,"minecraft:minecart_one_cm":30434,"minecraft:swim_one_cm":106781,"minecraft:fly_one_cm":1643693,"minecraft:open_chest":191,"minecraft:fall_one_cm":153474},"minecraft:killed":{"minecraft:cave_spider":3,"minecraft:spider":3,"minecraft:skeleton":2,"minecraft:chicken":3,"minecraft:pig":8,"minecraft:salmon":3,"minecraft:creeper":4,"minecraft:sheep":10,"minecraft:trader_llama":1,"zombieinvasion:knight_zombie":3,"minecraft:zombie":6,"minecraft:cow":6,"hordes:zombie_player":11,"minecraft:enderman":1},"minecraft:picked_up":{"minecraft:iron_chestplate":5,"minecraft:wheat":75,"minecraft:anvil":4,"minecraft:flower_pot":2,"minecraft:lead":1,"minecraft:string":13,"minecraft:raw_copper":24,"minecraft:cooked_salmon":1,"biomesoplenty:tall_lavender":7,"minecraft:beetroot":9,"minecraft:deepslate_tiles":2,"minecraft:cobbled_deepslate":2,"minecraft:bucket":5,"minecraft:spruce_planks":6,"minecraft:redstone_torch":15,"minecraft:rose_bush":4,"minecraft:wooden_shovel":4,"minecraft:iron_pickaxe":2,"minecraft:furnace":6,"minecraft:stick":32,"minecraft:torch":40,"minecraft:porkchop":24,"minecraft:diorite":38,"mekanism:raw_tin":18,"minecraft:stone_sword":10,"minecraft:cactus":2,"minecraft:light_gray_bed":3,"minecraft:rotten_flesh":59,"create:ochrum":40,"minecraft:iron_block":15,"minecraft:cobblestone":765,"biomesoplenty:lavender":72,"bunker_down:ceiling_lamp":9,"minecraft:repeater":6,"minecraft:feather":2,"minecraft:cooked_beef":9,"minecraft:water_bucket":3,"minecraft:brown_wool":1,"bunker_down:steel_vent":16,"minecraft:potato":274,"enigmaticgraves:grave_finder":24,"minecraft:dirt":455,"minecraft:bone":33,"minecraft:wheat_seeds":148,"minecraft:mossy_stone_bricks":2,"minecraft:stone_hoe":2,"minecraft:oak_planks":53,"minecraft:cooked_porkchop":14,"minecraft:music_disc_13":3,"minecraft:poisonous_potato":1,"minecraft:diamond_block":9,"minecraft:dark_oak_log":4,"minecraft:light_gray_concrete":2,"minecraft:granite":1,"minecraft:bread":23,"minecraft:oak_sapling":61,"biomesoplenty:redwood_log":25,"minecraft:crafting_table":16,"minecraft:chicken":4,"minecraft:ladder":6,"minecraft:clay_ball":20,"minecraft:wooden_pickaxe":3,"minecraft:gold_block":15,"minecraft:iron_axe":1,"minecraft:wooden_sword":2,"minecraft:cracked_stone_bricks":2,"minecraft:beef":19,"immersive_armors:wooden_leggings":1,"minecraft:minecart":1,"minecraft:chest":20,"minecraft:piston":18,"biomesoplenty:hanging_cobweb":2,"minecraft:egg":3,"minecraft:raw_iron":53,"minecraft:carrot":100,"minecraft:redstone":20,"minecraft:dark_oak_planks":3,"biomesoplenty:redwood_planks":61,"immersive_armors:wooden_helmet":1,"minecraft:arrow":3,"minecraft:stone_shovel":3,"minecraft:beetroot_seeds":24,"alexs_armoury:tanning_rack":1,"minecraft:hay_block":12,"minecraft:mutton":21,"minecraft:white_wool":13,"minecraft:skeleton_skull":5,"minecraft:oxeye_daisy":1,"minecraft:salmon":3,"minecraft:leather":16,"minecraft:oak_log":230,"bunker_down:airlock_iron_door":4,"minecraft:gunpowder":24,"minecraft:yellow_bed":1,"minecraft:cobblestone_wall":23,"mca:book_romance":4,"bunker_down:steel_block":11,"minecraft:cooked_mutton":2,"minecraft:apple":8,"minecraft:stone_bricks":39,"minecraft:iron_ingot":62,"minecraft:stone_pickaxe":7,"minecraft:iron_sword":1,"minecraft:book":9,"minecraft:emerald_block":4,"minecraft:dandelion":14,"minecraft:dripstone_block":22,"minecraft:lava_bucket":1,"minecraft:spruce_log":23,"minecraft:white_bed":2,"minecraft:spider_eye":4,"minecraft:pumpkin_seeds":9,"minecraft:stone_axe":6,"immersive_armors:wooden_chestplate":1,"minecraft:gray_wool":2,"minecraft:baked_potato":8,"minecraft:melon_seeds":1,"minecraft:black_wool":1,"minecraft:red_concrete":1,"minecraft:coal":24,"immersive_armors:wooden_boots":1,"minecraft:wooden_axe":4,"minecraft:ender_pearl":1},"minecraft:killed_by":{"zombieinvasion:floaty_zombie":1,"minecraft:drowned":1,"kevin_trophy:crawler_zombie":1,"mutantmonsters:mutant_creeper":3,"hordes:drowned_player":3,"mutantmonsters:creeper_minion":3,"minecraft:zombie":6,"minecraft:player":2,"zombieinvasion:party_zombie":2,"hordes:zombie_player":2,"minecraft:skeleton":8,"kevin_trophy:blister_zombie":1,"zombieinvasion:knight_zombie":3},"minecraft:dropped":{"bunker_down:steel_vent":5,"minecraft:porkchop":3,"biomesoplenty:hanging_cobweb":1,"enigmaticgraves:grave_finder":8,"minecraft:leather":3,"minecraft:dirt":265,"minecraft:mutton":2,"minecraft:iron_pickaxe":1,"bunker_down:ceiling_lamp":3,"minecraft:white_wool":1,"minecraft:stone_axe":2,"minecraft:cobbled_deepslate":1,"minecraft:beetroot":3,"minecraft:rotten_flesh":2,"minecraft:carrot":14,"minecraft:deepslate_tiles":2,"minecraft:beetroot_seeds":9,"biomesoplenty:tall_lavender":4,"minecraft:water_bucket":4,"minecraft:bread":14,"minecraft:wheat_seeds":1,"biomesoplenty:lavender":13,"minecraft:cobblestone":87,"minecraft:coal":1,"minecraft:lava_bucket":1,"minecraft:iron_block":4,"bunker_down:airlock_iron_door":1,"minecraft:gray_wool":2,"mca:book_romance":1,"minecraft:diorite":13,"minecraft:wooden_axe":3,"minecraft:bucket":1,"minecraft:dandelion":12,"minecraft:redstone":2,"minecraft:stone_sword":6,"minecraft:stone_shovel":4,"minecraft:chicken":1,"minecraft:clay_ball":8,"minecraft:potato":4,"minecraft:iron_chestplate":3,"minecraft:mossy_stone_bricks":1,"minecraft:wooden_shovel":4,"bunker_down:steel_block":8,"minecraft:redstone_torch":3,"minecraft:stone_bricks":7,"minecraft:stone_pickaxe":4,"minecraft:wooden_pickaxe":4},"minecraft:mined":{"minecraft:white_bed":2,"minecraft:farmland":2,"minecraft:potted_cactus":2,"alexs_armoury:tanning_rack":1,"minecraft:granite":3,"minecraft:grass_block":110,"biomesoplenty:flowering_oak_leaves":2,"minecraft:light_gray_bed":2,"minecraft:oxeye_daisy":1,"minecraft:light_blue_stained_glass":10,"minecraft:tall_seagrass":1,"biomesoplenty:tall_lavender":4,"minecraft:iron_ore":29,"biomesoplenty:lavender":28,"minecraft:anvil":1,"biomesoplenty:hanging_cobweb":5,"biomesoplenty:redwood_log":25,"biomesoplenty:webbing":1,"horror_element_mod:crucified_body":1,"minecraft:iron_block":7,"bunker_down:airlock_iron_door":1,"minecraft:blue_stained_glass":4,"minecraft:clay":2,"minecraft:torch":41,"minecraft:chest":9,"mekanism:tin_ore":6,"minecraft:glass":9,"minecraft:cobblestone":365,"minecraft:oak_planks":60,"minecraft:wheat":15,"horror_element_mod:spiked_villager":1,"minecraft:grass":36,"minecraft:oak_log":226,"minecraft:beetroots":5,"minecraft:sand":1,"minecraft:dirt":81,"minecraft:oak_leaves":148,"minecraft:emerald_block":2,"minecraft:light_blue_stained_glass_pane":4,"minecraft:dark_oak_log":4,"minecraft:gray_stained_glass_pane":3,"minecraft:ladder":1,"biomesoplenty:bush":7,"create:ochrum":7,"minecraft:hay_block":12,"minecraft:furnace":5,"minecraft:carrots":15,"minecraft:diamond_block":3,"bunker_down:steel_vent":6,"minecraft:gold_block":5,"minecraft:bookshelf":3,"minecraft:potatoes":69,"minecraft:vine":1,"bunker_down:steel_block":3,"biomesoplenty:spider_egg":2,"minecraft:stone":270,"minecraft:white_wool":1,"bunker_down:ceiling_lamp":3,"minecraft:glass_pane":1,"minecraft:dandelion":1,"minecraft:crafting_table":10,"minecraft:rose_bush":2,"minecraft:tall_grass":3,"minecraft:copper_ore":2,"minecraft:diorite":12,"minecraft:cobblestone_wall":20,"minecraft:redstone_torch":4,"minecraft:spruce_log":13,"minecraft:yellow_bed":1,"minecraft:coal_ore":9,"biomesoplenty:redwood_leaves":2,"minecraft:cobweb":2,"minecraft:stone_bricks":13,"minecraft:mossy_stone_bricks":1},"minecraft:used":{"minecraft:chest":8,"minecraft:iron_sword":59,"minecraft:iron_chestplate":1,"minecraft:mutton":1,"minecraft:lava_bucket":2,"minecraft:stone_bricks":11,"minecraft:furnace":6,"minecraft:oak_sapling":21,"minecraft:beetroot_seeds":1,"minecraft:potato":184,"minecraft:mossy_stone_bricks":1,"minecraft:diorite":12,"minecraft:stone_pickaxe":505,"minecraft:oak_planks":386,"minecraft:wooden_pickaxe":85,"minecraft:white_wool":1,"minecraft:redstone_torch":2,"biomesoplenty:hanging_cobweb":1,"minecraft:bread":24,"minecraft:wooden_sword":34,"minecraft:bone_meal":84,"minecraft:oak_trapdoor":1,"minecraft:stone_sword":116,"minecraft:stone_shovel":61,"biomesoplenty:redwood_planks":34,"minecraft:spruce_planks":6,"minecraft:wooden_shovel":92,"minecraft:cooked_salmon":1,"minecraft:stone_hoe":51,"minecraft:torch":116,"create:ochrum":6,"minecraft:dirt":189,"minecraft:cobblestone_wall":235,"minecraft:wooden_axe":37,"minecraft:dark_oak_planks":6,"minecraft:iron_axe":27,"alexs_armoury:tanning_rack":1,"minecraft:beef":4,"minecraft:minecart":2,"minecraft:cooked_beef":7,"minecraft:cobbled_deepslate":1,"minecraft:light_gray_bed":2,"minecraft:cooked_mutton":6,"minecraft:water_bucket":45,"minecraft:baked_potato":9,"minecraft:salmon":2,"minecraft:oak_slab":10,"minecraft:crafting_table":12,"minecraft:campfire":1,"minecraft:white_bed":3,"minecraft:apple":1,"minecraft:iron_pickaxe":228,"minecraft:stone_axe":304,"minecraft:cobblestone":106,"minecraft:cooked_porkchop":11,"minecraft:porkchop":1,"minecraft:bucket":52,"minecraft:yellow_bed":1,"immersive_armors:wooden_leggings":1}},"DataVersion":3120}