{"stats":{"minecraft:custom":{"minecraft:interact_with_crafting_table":80,"minecraft:leave_game":5,"minecraft:time_since_death":55239,"minecraft:sprint_one_cm":1155914,"minecraft:damage_blocked_by_shield":345,"minecraft:drop":114,"minecraft:talked_to_villager":6,"minecraft:play_time":374847,"minecraft:deaths":44,"minecraft:jump":7396,"minecraft:walk_on_water_one_cm":66937,"minecraft:interact_with_furnace":126,"minecraft:sleep_in_bed":12,"minecraft:damage_dealt":12172,"minecraft:crouch_one_cm":117931,"minecraft:mob_kills":87,"minecraft:interact_with_campfire":16,"minecraft:climb_one_cm":32463,"minecraft:walk_one_cm":744023,"minecraft:sneak_time":41700,"minecraft:walk_under_water_one_cm":111764,"minecraft:total_world_time":374847,"minecraft:time_since_rest":23278,"minecraft:damage_absorbed":10,"minecraft:damage_taken":16115,"minecraft:trigger_trapped_chest":2,"minecraft:minecart_one_cm":30434,"minecraft:swim_one_cm":170843,"minecraft:fly_one_cm":1840304,"minecraft:open_chest":268,"minecraft:fall_one_cm":178606},"minecraft:killed":{"minecraft:cave_spider":3,"minecraft:spider":7,"minecraft:skeleton":7,"minecraft:chicken":3,"minecraft:pig":10,"minecraft:salmon":3,"minecraft:creeper":4,"kevin_trophy:blister_zombie":1,"minecraft:sheep":11,"minecraft:trader_llama":1,"zombieinvasion:knight_zombie":6,"minecraft:zombie":7,"minecraft:cow":6,"hordes:zombie_player":14,"minecraft:phantom":3,"minecraft:enderman":1},"minecraft:crafted":{"minecraft:oak_planks":620,"mekanism:ingot_osmium":10,"minecraft:cooked_chicken":1,"minecraft:cooked_mutton":10,"immersive_armors:wooden_chestplate":1,"minecraft:chest":4,"immersive_armors:wooden_helmet":1,"minecraft:stone_hoe":2,"minecraft:oak_slab":12,"minecraft:wooden_shovel":2,"minecraft:cooked_porkchop":8,"minecraft:crafting_table":6,"minecraft:spruce_planks":32,"minecraft:wooden_pickaxe":4,"minecraft:baked_potato":104,"immersive_armors:wooden_leggings":1,"minecraft:copper_ingot":46,"minecraft:gold_block":1,"minecraft:campfire":1,"immersive_armors:wooden_boots":1,"minecraft:diamond_pickaxe":1,"minecraft:iron_chestplate":2,"minecraft:charcoal":78,"minecraft:shield":1,"minecraft:stick":108,"minecraft:iron_ingot":93,"minecraft:iron_pickaxe":3,"minecraft:stone_sword":4,"minecraft:wooden_sword":4,"minecraft:stone_shovel":1,"simpleplanes:plane_workbench":1,"minecraft:furnace":4,"minecraft:bone_meal":84,"minecraft:oak_trapdoor":2,"minecraft:polished_deepslate":60,"minecraft:iron_axe":3,"minecraft:stone_pickaxe":10,"minecraft:cobblestone_wall":246,"minecraft:dark_oak_planks":16,"minecraft:minecart":1,"minecraft:wheat":108,"minecraft:cooked_beef":2,"biomesoplenty:redwood_planks":84,"minecraft:iron_sword":2,"minecraft:bucket":3,"minecraft:stone_axe":7,"minecraft:bread":39,"minecraft:air":0,"minecraft:wooden_axe":2,"minecraft:white_bed":1,"minecraft:torch":192},"minecraft:killed_by":{"zombieinvasion:floaty_zombie":1,"minecraft:drowned":1,"kevin_trophy:crawler_zombie":1,"mutantmonsters:mutant_creeper":3,"hordes:drowned_player":3,"mutantmonsters:creeper_minion":3,"minecraft:zombie":6,"minecraft:player":3,"zombieinvasion:party_zombie":2,"hordes:zombie_player":2,"minecraft:skeleton":8,"kevin_trophy:blister_zombie":1,"zombieinvasion:knight_zombie":3},"minecraft:used":{"minecraft:polished_deepslate":27,"minecraft:chest":9,"minecraft:shield":9,"minecraft:iron_sword":86,"minecraft:iron_chestplate":1,"minecraft:mutton":1,"minecraft:lava_bucket":2,"minecraft:stone_bricks":11,"minecraft:furnace":6,"minecraft:oak_sapling":21,"minecraft:beetroot_seeds":1,"minecraft:potato":184,"minecraft:mossy_stone_bricks":1,"minecraft:diorite":12,"minecraft:stone_pickaxe":840,"minecraft:oak_planks":391,"minecraft:wooden_pickaxe":85,"minecraft:white_wool":1,"minecraft:golden_apple":1,"minecraft:redstone_torch":2,"biomesoplenty:hanging_cobweb":1,"minecraft:bread":24,"simpleplanes:plane_workbench":2,"minecraft:wooden_sword":34,"minecraft:bone_meal":84,"minecraft:oak_trapdoor":1,"minecraft:stone_sword":169,"biomesoplenty:redwood_planks":34,"minecraft:stone_shovel":61,"minecraft:spruce_planks":6,"minecraft:wooden_shovel":92,"minecraft:cooked_salmon":1,"minecraft:stone_hoe":51,"minecraft:torch":179,"create:ochrum":6,"minecraft:dirt":193,"minecraft:cobblestone_wall":240,"minecraft:dark_oak_planks":6,"minecraft:wooden_axe":37,"minecraft:iron_axe":117,"alexs_armoury:tanning_rack":1,"minecraft:beef":4,"minecraft:minecart":2,"minecraft:cooked_beef":7,"minecraft:cobbled_deepslate":7,"minecraft:light_gray_bed":3,"minecraft:cooked_mutton":6,"minecraft:water_bucket":45,"minecraft:baked_potato":37,"minecraft:salmon":2,"minecraft:oak_slab":10,"minecraft:crafting_table":16,"minecraft:white_bed":3,"minecraft:campfire":1,"minecraft:oak_log":6,"minecraft:diamond_pickaxe":15,"minecraft:apple":1,"minecraft:iron_pickaxe":426,"minecraft:stone_axe":321,"minecraft:cobblestone":158,"minecraft:porkchop":1,"minecraft:cooked_porkchop":11,"minecraft:bucket":54,"minecraft:yellow_bed":1,"immersive_armors:wooden_leggings":1},"minecraft:picked_up":{"minecraft:iron_chestplate":5,"minecraft:wheat":77,"minecraft:flower_pot":2,"minecraft:anvil":4,"minecraft:lead":1,"minecraft:gilded_blackstone":35,"minecraft:polished_deepslate":2,"minecraft:string":21,"minecraft:raw_copper":56,"minecraft:cooked_salmon":1,"biomesoplenty:tall_lavender":7,"minecraft:beetroot":9,"minecraft:deepslate_tiles":2,"minecraft:gold_nugget":15,"minecraft:cobbled_deepslate":82,"minecraft:bucket":5,"minecraft:spruce_planks":6,"minecraft:redstone_torch":16,"minecraft:rose_bush":4,"minecraft:wooden_shovel":4,"minecraft:iron_pickaxe":2,"minecraft:coal_block":13,"minecraft:melon_slice":14,"minecraft:furnace":8,"minecraft:stick":45,"minecraft:torch":41,"minecraft:porkchop":28,"minecraft:diorite":40,"mekanism:raw_tin":21,"minecraft:stone_sword":10,"minecraft:cactus":2,"minecraft:light_gray_bed":5,"minecraft:rotten_flesh":67,"create:ochrum":40,"minecraft:iron_block":15,"minecraft:obsidian":2,"minecraft:cobblestone":829,"biomesoplenty:lavender":72,"bunker_down:ceiling_lamp":9,"minecraft:repeater":11,"minecraft:feather":2,"minecraft:cooked_beef":9,"minecraft:water_bucket":3,"minecraft:andesite":15,"minecraft:brown_wool":1,"bunker_down:steel_vent":22,"minecraft:potato":306,"minecraft:tuff":44,"create:raw_zinc":22,"enigmaticgraves:grave_finder":24,"minecraft:lapis_lazuli":102,"minecraft:dirt":485,"minecraft:bone":39,"minecraft:wheat_seeds":156,"simpleplanes:plane_workbench":1,"minecraft:raw_gold":9,"minecraft:mossy_stone_bricks":2,"minecraft:stone_hoe":2,"minecraft:oak_planks":76,"minecraft:cooked_porkchop":14,"minecraft:music_disc_13":3,"minecraft:poisonous_potato":2,"minecraft:fermented_spider_eye":1,"minecraft:diamond_block":9,"minecraft:red_terracotta":3,"minecraft:dark_oak_log":4,"minecraft:light_gray_concrete":2,"minecraft:diamond":1,"minecraft:lever":3,"minecraft:granite":4,"minecraft:emerald":2,"minecraft:bread":23,"minecraft:oak_sapling":90,"biomesoplenty:redwood_log":25,"minecraft:crafting_table":20,"minecraft:chicken":4,"minecraft:ladder":6,"minecraft:clay_ball":20,"minecraft:redstone_lamp":5,"minecraft:wooden_pickaxe":3,"minecraft:gold_block":15,"minecraft:iron_axe":1,"minecraft:wooden_sword":2,"tacz:ammo":60,"minecraft:blackstone":1,"minecraft:cracked_stone_bricks":2,"minecraft:beef":19,"immersive_armors:wooden_leggings":1,"minecraft:minecart":1,"minecraft:chest":22,"minecraft:piston":22,"biomesoplenty:hanging_cobweb":2,"minecraft:egg":3,"minecraft:raw_iron":90,"minecraft:carrot":100,"minecraft:redstone":57,"minecraft:dark_oak_planks":3,"biomesoplenty:redwood_planks":61,"immersive_armors:wooden_helmet":1,"minecraft:arrow":9,"minecraft:stone_shovel":3,"minecraft:beetroot_seeds":24,"alexs_armoury:tanning_rack":1,"minecraft:hay_block":12,"minecraft:gold_ingot":1,"minecraft:mutton":22,"minecraft:white_wool":13,"minecraft:skeleton_skull":5,"minecraft:oxeye_daisy":2,"mekanism:raw_lead":15,"minecraft:salmon":3,"minecraft:leather":16,"minecraft:oak_log":290,"bunker_down:airlock_iron_door":5,"minecraft:gunpowder":26,"minecraft:yellow_bed":1,"minecraft:cobblestone_wall":24,"mca:book_romance":4,"bunker_down:steel_block":108,"minecraft:cooked_mutton":2,"minecraft:apple":9,"minecraft:stone_bricks":39,"minecraft:iron_ingot":67,"minecraft:stone_pickaxe":7,"minecraft:iron_sword":1,"minecraft:book":9,"minecraft:emerald_block":4,"minecraft:dandelion":14,"minecraft:dripstone_block":22,"minecraft:lava_bucket":1,"minecraft:spruce_log":23,"minecraft:white_bed":2,"minecraft:spider_eye":6,"bunker_down:steel_block_slab":11,"minecraft:pumpkin_seeds":9,"minecraft:stone_axe":6,"tacz:modern_kinetic_gun":1,"immersive_armors:wooden_chestplate":1,"mekanism:fluorite_gem":8,"minecraft:gray_wool":2,"minecraft:baked_potato":8,"minecraft:black_wool":2,"minecraft:melon_seeds":1,"minecraft:red_concrete":1,"minecraft:coal":58,"immersive_armors:wooden_boots":1,"minecraft:ender_pearl":1,"minecraft:wooden_axe":4},"minecraft:dropped":{"bunker_down:steel_vent":5,"minecraft:porkchop":3,"minecraft:oak_log":8,"biomesoplenty:hanging_cobweb":1,"enigmaticgraves:grave_finder":8,"minecraft:leather":3,"minecraft:dirt":265,"minecraft:mutton":2,"minecraft:iron_pickaxe":1,"bunker_down:ceiling_lamp":3,"minecraft:white_wool":1,"minecraft:stone_axe":2,"minecraft:cobbled_deepslate":1,"minecraft:beetroot":3,"minecraft:rotten_flesh":7,"minecraft:carrot":14,"minecraft:deepslate_tiles":2,"minecraft:beetroot_seeds":9,"biomesoplenty:tall_lavender":4,"minecraft:water_bucket":4,"minecraft:bread":14,"minecraft:wheat_seeds":1,"biomesoplenty:lavender":13,"minecraft:cobblestone":87,"minecraft:coal":1,"minecraft:lava_bucket":1,"minecraft:iron_block":4,"bunker_down:airlock_iron_door":1,"minecraft:gray_wool":2,"mca:book_romance":1,"minecraft:diorite":15,"minecraft:wooden_axe":3,"minecraft:bucket":1,"minecraft:dandelion":12,"minecraft:redstone":2,"minecraft:stone_sword":6,"minecraft:raw_copper":1,"minecraft:stone_shovel":4,"minecraft:chicken":1,"minecraft:clay_ball":8,"minecraft:potato":12,"minecraft:iron_chestplate":3,"minecraft:mossy_stone_bricks":1,"minecraft:wooden_shovel":4,"bunker_down:steel_block":8,"minecraft:redstone_torch":3,"minecraft:stone_bricks":7,"minecraft:stone_pickaxe":4,"minecraft:wooden_pickaxe":4},"minecraft:broken":{"minecraft:stone_pickaxe":5,"minecraft:stone_axe":2,"minecraft:stone_sword":1,"minecraft:iron_pickaxe":1},"minecraft:mined":{"minecraft:white_bed":2,"minecraft:farmland":2,"minecraft:potted_cactus":2,"alexs_armoury:tanning_rack":1,"minecraft:obsidian":2,"minecraft:granite":6,"minecraft:grass_block":110,"biomesoplenty:flowering_oak_leaves":2,"minecraft:light_gray_bed":4,"minecraft:coal_block":13,"minecraft:oxeye_daisy":3,"minecraft:gilded_blackstone":39,"minecraft:light_blue_stained_glass":10,"minecraft:tall_seagrass":1,"biomesoplenty:tall_lavender":4,"minecraft:iron_ore":57,"biomesoplenty:lavender":28,"minecraft:deepslate_lapis_ore":14,"minecraft:anvil":1,"biomesoplenty:hanging_cobweb":5,"biomesoplenty:redwood_log":25,"biomesoplenty:webbing":1,"horror_element_mod:crucified_body":1,"minecraft:iron_block":7,"bunker_down:airlock_iron_door":2,"minecraft:blackstone":1,"minecraft:soul_fire":1,"minecraft:blue_stained_glass":4,"minecraft:clay":2,"minecraft:torch":42,"minecraft:melon":2,"minecraft:chest":11,"mekanism:tin_ore":10,"minecraft:glass":9,"minecraft:cobblestone":376,"minecraft:oak_planks":85,"minecraft:wheat":15,"horror_element_mod:spiked_villager":1,"bunker_down:steel_block_slab":8,"minecraft:grass":41,"minecraft:oak_log":275,"minecraft:beetroots":5,"mekanism:lead_ore":17,"minecraft:sand":1,"minecraft:dirt":112,"minecraft:oak_leaves":201,"minecraft:deepslate":67,"minecraft:emerald_block":2,"minecraft:redstone_lamp":5,"create:zinc_ore":21,"minecraft:light_blue_stained_glass_pane":4,"minecraft:tuff":35,"simpleplanes:plane_workbench":1,"minecraft:deepslate_diamond_ore":1,"minecraft:dark_oak_log":4,"minecraft:gray_stained_glass_pane":3,"minecraft:ladder":1,"biomesoplenty:bush":7,"create:ochrum":7,"minecraft:redstone_wire":12,"minecraft:hay_block":12,"minecraft:redstone_ore":5,"minecraft:furnace":7,"minecraft:carrots":15,"minecraft:andesite":15,"minecraft:diamond_block":3,"bunker_down:steel_vent":11,"minecraft:gold_block":5,"minecraft:polished_deepslate":11,"minecraft:bookshelf":3,"minecraft:potatoes":69,"minecraft:deepslate_iron_ore":10,"minecraft:vine":1,"bunker_down:steel_block":112,"biomesoplenty:spider_egg":2,"minecraft:stone":322,"minecraft:white_wool":1,"bunker_down:ceiling_lamp":3,"minecraft:glass_pane":1,"minecraft:dandelion":1,"minecraft:crafting_table":15,"minecraft:rose_bush":2,"minecraft:tall_grass":3,"minecraft:copper_ore":11,"minecraft:deepslate_gold_ore":10,"minecraft:lapis_ore":2,"minecraft:diorite":13,"minecraft:red_terracotta":3,"minecraft:cobblestone_wall":21,"minecraft:redstone_torch":4,"minecraft:spruce_log":13,"minecraft:yellow_bed":1,"minecraft:coal_ore":43,"biomesoplenty:redwood_leaves":2,"mekanism:deepslate_fluorite_ore":2,"minecraft:cobweb":6,"minecraft:stone_bricks":13,"minecraft:mossy_stone_bricks":1}},"DataVersion":3120}