{"stats":{"minecraft:killed_by":{"minecraft:player":1},"minecraft:mined":{"bunker_down:airlock_iron_door":1,"minecraft:crafting_table":7,"biomesoplenty:bush":6,"minecraft:grass_block":1,"minecraft:chest":5,"mekanism:tin_ore":6,"create:ochrum":7,"minecraft:light_gray_bed":1,"minecraft:copper_ore":2,"minecraft:glass":1,"minecraft:cobblestone":6,"minecraft:diorite":12,"minecraft:hay_block":12,"minecraft:furnace":1,"minecraft:carrots":10,"minecraft:iron_ore":24,"minecraft:wheat":15,"biomesoplenty:lavender":3,"minecraft:spruce_log":3,"minecraft:diamond_block":3,"minecraft:gold_block":5,"bunker_down:steel_vent":6,"minecraft:grass":5,"minecraft:oak_log":4,"minecraft:potatoes":1,"minecraft:coal_ore":6,"minecraft:beetroots":1,"minecraft:vine":1,"minecraft:dirt":14,"bunker_down:steel_block":3,"minecraft:stone":141,"minecraft:iron_block":7,"minecraft:emerald_block":2,"bunker_down:ceiling_lamp":3},"minecraft:killed":{"minecraft:pig":3,"hordes:zombie_player":1,"minecraft:sheep":1,"minecraft:cow":3},"minecraft:dropped":{"minecraft:bread":14,"minecraft:stone_axe":2,"minecraft:stone_sword":2,"biomesoplenty:lavender":12,"minecraft:beetroot":3,"minecraft:cobblestone":1,"minecraft:carrot":14,"minecraft:iron_block":4,"minecraft:dirt":1,"bunker_down:airlock_iron_door":1,"mca:book_romance":1,"minecraft:iron_chestplate":1,"minecraft:wooden_axe":1,"minecraft:beetroot_seeds":9,"bunker_down:steel_block":8,"minecraft:redstone_torch":3,"minecraft:stone_pickaxe":2,"minecraft:wooden_pickaxe":1,"minecraft:iron_pickaxe":1,"minecraft:dandelion":12,"minecraft:redstone":2,"bunker_down:steel_vent":4},"minecraft:crafted":{"minecraft:cooked_beef":2,"minecraft:oak_planks":16,"minecraft:cooked_porkchop":5,"minecraft:crafting_table":1,"minecraft:spruce_planks":12,"minecraft:wooden_pickaxe":1,"minecraft:iron_sword":1,"minecraft:furnace":1,"minecraft:stone_axe":2,"minecraft:bread":39,"minecraft:air":0,"minecraft:iron_chestplate":2,"minecraft:iron_axe":1,"minecraft:stick":24,"minecraft:iron_ingot":24,"minecraft:iron_pickaxe":1,"minecraft:stone_pickaxe":2,"minecraft:wooden_axe":1,"minecraft:stone_sword":2,"minecraft:stone_hoe":1,"minecraft:wheat":108},"minecraft:used":{"minecraft:stone_sword":7,"minecraft:stone_pickaxe":75,"minecraft:wooden_pickaxe":34,"minecraft:spruce_planks":6,"minecraft:stone_hoe":13,"minecraft:iron_chestplate":1,"create:ochrum":2,"minecraft:mutton":1,"minecraft:crafting_table":7,"minecraft:wooden_axe":15,"minecraft:iron_axe":5,"minecraft:bread":11,"minecraft:iron_pickaxe":157,"minecraft:stone_axe":7,"minecraft:cobblestone":26,"minecraft:beef":3,"minecraft:furnace":1},"minecraft:picked_up":{"bunker_down:ceiling_lamp":3,"biomesoplenty:lavender":15,"minecraft:crafting_table":8,"minecraft:wheat":75,"minecraft:leather":6,"minecraft:wooden_pickaxe":1,"bunker_down:steel_vent":5,"minecraft:potato":8,"minecraft:gold_block":5,"minecraft:oak_log":4,"bunker_down:airlock_iron_door":2,"mca:book_romance":2,"minecraft:dirt":16,"minecraft:raw_copper":6,"bunker_down:steel_block":9,"minecraft:stone_bricks":1,"minecraft:beetroot":4,"minecraft:wheat_seeds":70,"minecraft:spruce_planks":6,"minecraft:beef":7,"minecraft:stone_pickaxe":1,"minecraft:redstone_torch":1,"minecraft:iron_pickaxe":1,"minecraft:chest":5,"minecraft:stone_hoe":1,"minecraft:furnace":1,"minecraft:emerald_block":2,"minecraft:stick":1,"minecraft:raw_iron":48,"minecraft:dandelion":12,"minecraft:porkchop":12,"minecraft:diorite":13,"minecraft:spruce_log":3,"minecraft:carrot":56,"minecraft:diamond_block":3,"minecraft:redstone":2,"mekanism:raw_tin":6,"minecraft:light_gray_bed":1,"minecraft:stone_sword":1,"minecraft:rotten_flesh":4,"minecraft:beetroot_seeds":12,"minecraft:stone_axe":1,"create:ochrum":6,"minecraft:hay_block":12,"minecraft:iron_block":7,"minecraft:bread":7,"minecraft:mutton":3,"minecraft:coal":13,"minecraft:cobblestone":170,"minecraft:white_wool":2},"minecraft:custom":{"minecraft:interact_with_furnace":28,"minecraft:mob_kills":8,"minecraft:interact_with_crafting_table":19,"minecraft:time_since_death":18214,"minecraft:sleep_in_bed":1,"minecraft:climb_one_cm":15567,"minecraft:time_since_rest":13270,"minecraft:sprint_one_cm":111352,"minecraft:damage_taken":570,"minecraft:walk_one_cm":88602,"minecraft:drop":37,"minecraft:damage_dealt":987,"minecraft:fly_one_cm":132781,"minecraft:open_chest":7,"minecraft:crouch_one_cm":3909,"minecraft:play_time":33675,"minecraft:deaths":1,"minecraft:sneak_time":984,"minecraft:jump":622,"minecraft:total_world_time":33675,"minecraft:fall_one_cm":19710}},"DataVersion":3120}