{"stats":{"minecraft:broken":{"minecraft:stone_pickaxe":5,"minecraft:stone_axe":2,"minecraft:stone_sword":1,"minecraft:iron_pickaxe":1},"minecraft:picked_up":{"minecraft:iron_chestplate":5,"minecraft:wheat":77,"minecraft:flower_pot":2,"minecraft:anvil":4,"minecraft:lead":1,"minecraft:enchanted_book":3,"minecraft:gilded_blackstone":35,"minecraft:polished_deepslate":2,"minecraft:music_disc_cat":2,"minecraft:string":23,"minecraft:raw_copper":56,"minecraft:cooked_salmon":1,"biomesoplenty:tall_lavender":7,"minecraft:beetroot":9,"minecraft:deepslate_tiles":2,"minecraft:gold_nugget":23,"minecraft:cobbled_deepslate":90,"minecraft:bucket":5,"minecraft:spruce_planks":6,"minecraft:rose_bush":4,"minecraft:redstone_torch":16,"minecraft:wooden_shovel":4,"minecraft:iron_pickaxe":2,"minecraft:melon_slice":21,"minecraft:coal_block":30,"minecraft:furnace":8,"minecraft:iron_boots":3,"minecraft:stick":46,"minecraft:torch":120,"minecraft:porkchop":28,"minecraft:diorite":40,"mekanism:raw_tin":21,"minecraft:stone_sword":14,"minecraft:cactus":2,"minecraft:light_gray_bed":5,"minecraft:rotten_flesh":117,"create:ochrum":40,"minecraft:iron_block":15,"mekanism:ingot_osmium":3,"minecraft:obsidian":2,"minecraft:cobblestone":838,"bunker_down:ceiling_lamp":9,"biomesoplenty:lavender":72,"minecraft:feather":2,"minecraft:cooked_beef":9,"minecraft:repeater":11,"minecraft:water_bucket":3,"minecraft:andesite":15,"minecraft:brown_wool":1,"bunker_down:steel_vent":22,"minecraft:potato":306,"minecraft:tuff":44,"create:raw_zinc":22,"enigmaticgraves:grave_finder":29,"minecraft:lapis_lazuli":102,"minecraft:dirt":485,"minecraft:bone":39,"minecraft:wheat_seeds":156,"simpleplanes:plane_workbench":1,"minecraft:raw_gold":42,"minecraft:mossy_stone_bricks":2,"minecraft:stone_hoe":2,"minecraft:oak_planks":124,"minecraft:cooked_porkchop":14,"minecraft:music_disc_13":3,"minecraft:poisonous_potato":2,"minecraft:fermented_spider_eye":2,"minecraft:diamond_block":9,"minecraft:dark_oak_log":4,"minecraft:red_terracotta":3,"minecraft:light_gray_concrete":2,"minecraft:diamond":7,"minecraft:lever":3,"minecraft:granite":4,"minecraft:emerald":2,"minecraft:chainmail_helmet":3,"minecraft:bread":23,"minecraft:oak_sapling":90,"minecraft:diamond_pickaxe":2,"biomesoplenty:redwood_log":25,"minecraft:crafting_table":20,"minecraft:clay_ball":20,"minecraft:chicken":4,"minecraft:ladder":6,"simpleplanes:propeller":1,"minecraft:redstone_lamp":5,"minecraft:wooden_pickaxe":3,"minecraft:gold_block":15,"minecraft:shield":2,"minecraft:iron_axe":3,"minecraft:wooden_sword":2,"tacz:ammo":60,"minecraft:blackstone":1,"minecraft:cracked_stone_bricks":2,"minecraft:beef":19,"immersive_armors:wooden_leggings":3,"minecraft:minecart":1,"minecraft:chest":28,"biomesoplenty:hanging_cobweb":2,"minecraft:piston":22,"minecraft:phantom_membrane":8,"minecraft:egg":3,"minecraft:raw_iron":104,"immersive_armors:slime_chestplate":3,"minecraft:carrot":100,"minecraft:redstone":68,"minecraft:dark_oak_planks":3,"biomesoplenty:redwood_planks":61,"immersive_armors:wooden_helmet":3,"minecraft:arrow":13,"minecraft:stone_shovel":3,"minecraft:beetroot_seeds":24,"alexs_armoury:tanning_rack":1,"minecraft:hay_block":12,"minecraft:gold_ingot":11,"sophisticatedbackpacks:copper_backpack":3,"minecraft:mutton":23,"minecraft:skeleton_skull":5,"minecraft:white_wool":13,"minecraft:oxeye_daisy":2,"simpleplanes:helicopter":1,"mekanism:raw_lead":15,"minecraft:salmon":3,"minecraft:leather":16,"minecraft:oak_log":301,"bunker_down:airlock_iron_door":5,"minecraft:yellow_bed":1,"minecraft:cobblestone_wall":24,"minecraft:gunpowder":36,"mca:book_romance":4,"bunker_down:steel_block":108,"minecraft:cooked_mutton":3,"minecraft:apple":11,"minecraft:stone_bricks":39,"minecraft:iron_ingot":76,"minecraft:stone_pickaxe":7,"minecraft:iron_sword":3,"minecraft:book":9,"minecraft:emerald_block":4,"minecraft:quartz":3,"minecraft:dandelion":15,"minecraft:dripstone_block":22,"ad_astra:moon_sand":1,"minecraft:gravel":2,"minecraft:lava_bucket":1,"minecraft:white_bed":2,"minecraft:spruce_log":23,"minecraft:spider_eye":6,"bunker_down:steel_block_slab":11,"minecraft:pumpkin_seeds":9,"minecraft:stone_axe":6,"tacz:modern_kinetic_gun":4,"minecraft:chainmail_leggings":3,"immersive_armors:wooden_chestplate":2,"mekanism:fluorite_gem":8,"minecraft:gray_wool":2,"minecraft:baked_potato":28,"minecraft:melon_seeds":1,"minecraft:black_wool":2,"minecraft:red_concrete":1,"immersive_armors:wooden_boots":4,"minecraft:coal":60,"minecraft:wooden_axe":4,"minecraft:ender_pearl":1},"minecraft:crafted":{"minecraft:smooth_stone":3,"minecraft:oak_planks":660,"mekanism:ingot_osmium":10,"minecraft:cooked_chicken":1,"minecraft:stone":6,"minecraft:heavy_weighted_pressure_plate":2,"minecraft:cooked_mutton":10,"immersive_armors:wooden_chestplate":1,"minecraft:glass":6,"sophisticatedbackpacks:copper_backpack":1,"minecraft:chest":6,"immersive_armors:wooden_helmet":1,"minecraft:stone_hoe":2,"minecraft:oak_slab":12,"minecraft:wooden_shovel":2,"minecraft:cooked_porkchop":8,"minecraft:crafting_table":6,"minecraft:spruce_planks":32,"minecraft:wooden_pickaxe":4,"minecraft:baked_potato":116,"immersive_armors:wooden_leggings":1,"minecraft:copper_ingot":46,"minecraft:gold_block":1,"minecraft:campfire":1,"immersive_armors:wooden_boots":1,"minecraft:iron_chestplate":2,"minecraft:diamond_pickaxe":1,"minecraft:charcoal":78,"minecraft:yellow_dye":1,"minecraft:shield":1,"minecraft:stick":108,"minecraft:iron_ingot":99,"minecraft:iron_pickaxe":3,"minecraft:stone_sword":7,"minecraft:gold_ingot":2,"minecraft:wooden_sword":4,"minecraft:stone_shovel":1,"simpleplanes:plane_workbench":1,"minecraft:furnace":4,"minecraft:blast_furnace":1,"minecraft:bone_meal":84,"minecraft:oak_trapdoor":2,"minecraft:polished_deepslate":60,"minecraft:iron_axe":3,"minecraft:stone_pickaxe":10,"minecraft:cobblestone_wall":246,"minecraft:dark_oak_planks":16,"minecraft:minecart":1,"minecraft:wheat":108,"minecraft:cooked_beef":2,"biomesoplenty:redwood_planks":84,"minecraft:iron_sword":2,"minecraft:bucket":5,"minecraft:stone_axe":7,"simpleplanes:liquid_engine":1,"minecraft:bread":39,"minecraft:air":0,"minecraft:wooden_axe":2,"minecraft:white_bed":1,"minecraft:torch":192},"minecraft:killed_by":{"zombieinvasion:floaty_zombie":1,"minecraft:drowned":1,"kevin_trophy:crawler_zombie":1,"mutantmonsters:mutant_creeper":3,"hordes:drowned_player":3,"mutantmonsters:creeper_minion":3,"minecraft:zombie":6,"rottencreatures:undead_miner":1,"minecraft:player":4,"zombieinvasion:party_zombie":3,"hordes:zombie_player":4,"minecraft:skeleton":8,"kevin_trophy:blister_zombie":1,"zombieinvasion:knight_zombie":3},"minecraft:custom":{"minecraft:interact_with_crafting_table":90,"minecraft:leave_game":6,"minecraft:time_since_death":7225,"minecraft:sprint_one_cm":1403671,"minecraft:damage_blocked_by_shield":435,"minecraft:drop":153,"minecraft:talked_to_villager":6,"minecraft:play_time":437227,"minecraft:deaths":50,"minecraft:jump":8636,"minecraft:walk_on_water_one_cm":76696,"minecraft:interact_with_furnace":145,"minecraft:sleep_in_bed":12,"minecraft:damage_dealt":16922,"minecraft:crouch_one_cm":123610,"minecraft:mob_kills":108,"minecraft:interact_with_campfire":16,"minecraft:climb_one_cm":32575,"minecraft:walk_one_cm":864624,"minecraft:sneak_time":44576,"minecraft:walk_under_water_one_cm":135419,"minecraft:total_world_time":437227,"minecraft:time_since_rest":7251,"minecraft:damage_absorbed":10,"minecraft:damage_taken":18757,"minecraft:trigger_trapped_chest":2,"minecraft:minecart_one_cm":30434,"minecraft:swim_one_cm":249811,"minecraft:fly_one_cm":2080261,"minecraft:open_chest":333,"minecraft:fall_one_cm":205389},"minecraft:killed":{"minecraft:cave_spider":3,"minecraft:spider":7,"minecraft:skeleton":7,"minecraft:chicken":3,"minecraft:pig":10,"minecraft:salmon":3,"minecraft:creeper":5,"kevin_trophy:blister_zombie":1,"minecraft:sheep":11,"minecraft:trader_llama":1,"zombieinvasion:knight_zombie":10,"minecraft:zombie":14,"minecraft:cow":6,"hordes:zombie_player":15,"minecraft:phantom":9,"zombieinvasion:floaty_zombie":1,"kevin_trophy:crawler_zombie":1,"zombieinvasion:party_zombie":3,"minecraft:enderman":1},"minecraft:dropped":{"bunker_down:steel_vent":5,"minecraft:iron_sword":1,"minecraft:porkchop":3,"minecraft:oak_log":11,"minecraft:baked_potato":3,"biomesoplenty:hanging_cobweb":1,"minecraft:diamond":3,"enigmaticgraves:grave_finder":9,"minecraft:leather":3,"minecraft:dirt":265,"immersive_armors:wooden_leggings":1,"minecraft:mutton":2,"minecraft:iron_pickaxe":1,"bunker_down:ceiling_lamp":3,"minecraft:white_wool":1,"minecraft:gold_ingot":5,"minecraft:stone_axe":2,"minecraft:cobbled_deepslate":1,"immersive_armors:wooden_boots":2,"minecraft:beetroot":3,"minecraft:rotten_flesh":7,"minecraft:carrot":14,"minecraft:deepslate_tiles":2,"minecraft:gunpowder":5,"immersive_armors:slime_chestplate":1,"minecraft:beetroot_seeds":9,"minecraft:chest":2,"minecraft:arrow":2,"ad_astra:moon_sand":1,"minecraft:quartz":1,"biomesoplenty:tall_lavender":4,"minecraft:water_bucket":4,"minecraft:enchanted_book":1,"minecraft:bread":14,"minecraft:wheat_seeds":1,"biomesoplenty:lavender":13,"minecraft:cobblestone":87,"minecraft:apple":1,"minecraft:chainmail_helmet":1,"minecraft:coal":2,"minecraft:stick":1,"minecraft:lava_bucket":3,"minecraft:iron_block":4,"bunker_down:airlock_iron_door":1,"minecraft:gray_wool":2,"mca:book_romance":1,"minecraft:diorite":15,"minecraft:torch":38,"minecraft:wooden_axe":3,"tacz:modern_kinetic_gun":2,"minecraft:iron_axe":1,"minecraft:chainmail_leggings":1,"minecraft:bucket":1,"minecraft:dandelion":12,"minecraft:redstone":6,"minecraft:stone_sword":7,"minecraft:raw_copper":1,"minecraft:raw_iron":2,"minecraft:stone_shovel":4,"minecraft:chicken":1,"minecraft:clay_ball":8,"minecraft:iron_boots":1,"minecraft:potato":12,"minecraft:shield":1,"minecraft:iron_chestplate":3,"minecraft:diamond_pickaxe":1,"minecraft:mossy_stone_bricks":1,"minecraft:wooden_shovel":4,"bunker_down:steel_block":8,"minecraft:redstone_torch":3,"minecraft:stone_bricks":7,"sophisticatedbackpacks:copper_backpack":1,"minecraft:wooden_pickaxe":4,"minecraft:stone_pickaxe":4,"minecraft:raw_gold":22,"immersive_armors:wooden_helmet":1},"minecraft:used":{"minecraft:polished_deepslate":27,"minecraft:chest":13,"minecraft:shield":12,"minecraft:iron_sword":170,"minecraft:rotten_flesh":1,"minecraft:iron_chestplate":1,"minecraft:mutton":1,"minecraft:lava_bucket":3,"minecraft:stone_bricks":11,"minecraft:oak_sapling":21,"minecraft:furnace":6,"minecraft:beetroot_seeds":1,"minecraft:potato":184,"minecraft:diorite":12,"minecraft:mossy_stone_bricks":1,"minecraft:stone_pickaxe":840,"minecraft:oak_planks":394,"minecraft:wooden_pickaxe":85,"minecraft:white_wool":1,"minecraft:golden_apple":1,"minecraft:redstone_torch":2,"biomesoplenty:hanging_cobweb":1,"minecraft:bread":24,"minecraft:gravel":2,"simpleplanes:plane_workbench":2,"minecraft:coal_block":4,"minecraft:wooden_sword":36,"minecraft:bone_meal":84,"minecraft:oak_trapdoor":1,"minecraft:stone_sword":208,"biomesoplenty:redwood_planks":34,"minecraft:stone_shovel":61,"minecraft:spruce_planks":6,"minecraft:wooden_shovel":92,"minecraft:cooked_salmon":1,"minecraft:stone_hoe":51,"minecraft:torch":186,"create:ochrum":6,"minecraft:dirt":204,"minecraft:cobblestone_wall":240,"minecraft:dark_oak_planks":6,"minecraft:wooden_axe":37,"minecraft:iron_axe":118,"alexs_armoury:tanning_rack":1,"minecraft:beef":4,"minecraft:minecart":2,"minecraft:cooked_beef":7,"minecraft:cobbled_deepslate":15,"minecraft:light_gray_bed":3,"minecraft:cooked_mutton":8,"minecraft:water_bucket":45,"minecraft:baked_potato":78,"simpleplanes:helicopter":1,"minecraft:salmon":2,"minecraft:oak_slab":10,"minecraft:crafting_table":16,"minecraft:white_bed":3,"minecraft:campfire":1,"minecraft:oak_log":6,"minecraft:diamond_pickaxe":61,"minecraft:apple":1,"minecraft:iron_pickaxe":426,"minecraft:stone_axe":321,"minecraft:porkchop":1,"minecraft:cobblestone":160,"minecraft:cooked_porkchop":11,"minecraft:bucket":55,"minecraft:yellow_bed":1,"immersive_armors:wooden_leggings":1},"minecraft:mined":{"minecraft:white_bed":2,"minecraft:farmland":2,"minecraft:potted_cactus":2,"alexs_armoury:tanning_rack":1,"minecraft:obsidian":2,"minecraft:granite":6,"minecraft:grass_block":110,"biomesoplenty:flowering_oak_leaves":2,"minecraft:light_gray_bed":4,"minecraft:coal_block":17,"minecraft:oxeye_daisy":3,"minecraft:gilded_blackstone":39,"minecraft:light_blue_stained_glass":10,"minecraft:tall_seagrass":1,"biomesoplenty:tall_lavender":4,"minecraft:iron_ore":57,"minecraft:fire":2,"biomesoplenty:lavender":28,"minecraft:anvil":1,"minecraft:deepslate_lapis_ore":14,"biomesoplenty:hanging_cobweb":5,"biomesoplenty:redwood_log":25,"biomesoplenty:webbing":1,"horror_element_mod:crucified_body":1,"minecraft:iron_block":7,"bunker_down:airlock_iron_door":2,"minecraft:blackstone":1,"minecraft:soul_fire":1,"minecraft:blue_stained_glass":4,"minecraft:clay":2,"minecraft:torch":43,"minecraft:melon":2,"minecraft:chest":13,"mekanism:tin_ore":10,"minecraft:glass":9,"minecraft:cobblestone":383,"minecraft:oak_planks":85,"horror_element_mod:spiked_villager":1,"minecraft:wheat":15,"bunker_down:steel_block_slab":8,"minecraft:grass":41,"minecraft:oak_log":275,"minecraft:beetroots":5,"mekanism:lead_ore":17,"minecraft:dirt":112,"minecraft:sand":1,"minecraft:oak_leaves":201,"minecraft:deepslate":75,"minecraft:emerald_block":2,"minecraft:redstone_lamp":5,"create:zinc_ore":21,"minecraft:light_blue_stained_glass_pane":4,"minecraft:tuff":35,"simpleplanes:plane_workbench":1,"minecraft:deepslate_diamond_ore":4,"minecraft:dark_oak_log":4,"minecraft:gray_stained_glass_pane":3,"minecraft:ladder":1,"biomesoplenty:bush":7,"create:ochrum":7,"minecraft:redstone_wire":12,"minecraft:hay_block":12,"minecraft:redstone_ore":5,"minecraft:furnace":7,"minecraft:carrots":15,"minecraft:andesite":15,"minecraft:diamond_block":3,"bunker_down:steel_vent":11,"minecraft:gold_block":5,"minecraft:polished_deepslate":11,"minecraft:bookshelf":3,"minecraft:potatoes":69,"minecraft:deepslate_iron_ore":22,"minecraft:vine":1,"bunker_down:steel_block":112,"biomesoplenty:spider_egg":2,"minecraft:stone":322,"minecraft:white_wool":1,"bunker_down:ceiling_lamp":3,"minecraft:glass_pane":1,"minecraft:dandelion":2,"minecraft:crafting_table":15,"minecraft:rose_bush":2,"minecraft:copper_ore":11,"minecraft:tall_grass":3,"minecraft:lapis_ore":2,"minecraft:deepslate_gold_ore":20,"minecraft:diorite":13,"minecraft:red_terracotta":3,"minecraft:cobblestone_wall":21,"minecraft:redstone_torch":4,"minecraft:spruce_log":13,"minecraft:yellow_bed":1,"minecraft:coal_ore":43,"biomesoplenty:redwood_leaves":2,"mekanism:deepslate_fluorite_ore":2,"minecraft:gravel":2,"minecraft:cobweb":6,"minecraft:stone_bricks":13,"minecraft:mossy_stone_bricks":1,"minecraft:gold_ore":1}},"DataVersion":3120}