{"stats":{"minecraft:mined":{"minecraft:dark_oak_log":4,"minecraft:granite":2,"biomesoplenty:bush":6,"minecraft:grass_block":1,"biomesoplenty:flowering_oak_leaves":2,"create:ochrum":7,"minecraft:light_gray_bed":2,"minecraft:light_blue_stained_glass":5,"minecraft:hay_block":12,"biomesoplenty:tall_lavender":1,"minecraft:furnace":1,"minecraft:carrots":10,"minecraft:iron_ore":24,"biomesoplenty:lavender":4,"minecraft:diamond_block":3,"bunker_down:steel_vent":6,"minecraft:gold_block":5,"biomesoplenty:hanging_cobweb":5,"minecraft:potatoes":1,"minecraft:vine":1,"biomesoplenty:webbing":1,"bunker_down:steel_block":3,"minecraft:stone":171,"biomesoplenty:spider_egg":2,"minecraft:iron_block":7,"minecraft:white_wool":1,"bunker_down:ceiling_lamp":3,"bunker_down:airlock_iron_door":1,"minecraft:crafting_table":9,"minecraft:chest":6,"mekanism:tin_ore":6,"minecraft:glass":4,"minecraft:copper_ore":2,"minecraft:cobblestone":6,"minecraft:oak_planks":6,"minecraft:diorite":12,"minecraft:redstone_torch":1,"minecraft:wheat":15,"minecraft:spruce_log":3,"minecraft:grass":6,"minecraft:coal_ore":6,"minecraft:oak_log":14,"minecraft:beetroots":1,"biomesoplenty:redwood_leaves":1,"minecraft:dirt":14,"minecraft:stone_bricks":10,"minecraft:oak_leaves":2,"minecraft:emerald_block":2},"minecraft:killed_by":{"minecraft:player":2,"zombieinvasion:floaty_zombie":1,"minecraft:zombie":1,"kevin_trophy:blister_zombie":1,"zombieinvasion:knight_zombie":1},"minecraft:killed":{"minecraft:cave_spider":3,"hordes:zombie_player":2,"minecraft:spider":3,"minecraft:skeleton":1,"minecraft:pig":3,"minecraft:salmon":3,"minecraft:creeper":3,"minecraft:sheep":7,"zombieinvasion:knight_zombie":2,"minecraft:cow":3},"minecraft:dropped":{"bunker_down:steel_vent":5,"minecraft:bread":14,"biomesoplenty:hanging_cobweb":1,"biomesoplenty:lavender":12,"minecraft:cobblestone":36,"minecraft:leather":3,"minecraft:coal":1,"minecraft:iron_block":4,"minecraft:dirt":15,"bunker_down:airlock_iron_door":1,"mca:book_romance":1,"minecraft:diorite":13,"minecraft:wooden_axe":1,"minecraft:iron_pickaxe":1,"bunker_down:ceiling_lamp":3,"minecraft:dandelion":12,"minecraft:redstone":2,"minecraft:stone_axe":2,"minecraft:stone_sword":2,"minecraft:cobbled_deepslate":1,"minecraft:beetroot":3,"minecraft:carrot":14,"minecraft:potato":4,"minecraft:iron_chestplate":3,"minecraft:beetroot_seeds":9,"minecraft:mossy_stone_bricks":1,"bunker_down:steel_block":8,"minecraft:redstone_torch":3,"minecraft:stone_bricks":7,"minecraft:wooden_pickaxe":1,"minecraft:stone_pickaxe":2},"minecraft:crafted":{"minecraft:oak_planks":56,"minecraft:furnace":1,"minecraft:iron_axe":1,"minecraft:stone_pickaxe":3,"minecraft:dark_oak_planks":16,"minecraft:stone_hoe":1,"minecraft:minecart":1,"minecraft:wheat":108,"minecraft:cooked_beef":2,"minecraft:cooked_porkchop":5,"minecraft:crafting_table":2,"minecraft:spruce_planks":12,"minecraft:wooden_pickaxe":2,"minecraft:iron_sword":1,"minecraft:stone_axe":2,"minecraft:bread":39,"minecraft:air":0,"minecraft:iron_chestplate":2,"minecraft:stick":32,"minecraft:iron_ingot":33,"minecraft:iron_pickaxe":1,"minecraft:wooden_axe":2,"minecraft:stone_sword":2},"minecraft:used":{"minecraft:stone_sword":7,"minecraft:chest":1,"minecraft:spruce_planks":6,"minecraft:iron_sword":51,"minecraft:stone_hoe":13,"minecraft:iron_chestplate":1,"create:ochrum":6,"minecraft:mutton":1,"minecraft:dark_oak_planks":6,"minecraft:wooden_axe":33,"minecraft:iron_axe":8,"minecraft:stone_bricks":10,"minecraft:beef":3,"minecraft:furnace":1,"minecraft:minecart":2,"minecraft:cooked_beef":2,"minecraft:cobbled_deepslate":1,"minecraft:light_gray_bed":2,"minecraft:mossy_stone_bricks":1,"minecraft:diorite":12,"minecraft:oak_planks":14,"minecraft:stone_pickaxe":95,"minecraft:wooden_pickaxe":47,"minecraft:white_wool":1,"minecraft:crafting_table":10,"minecraft:redstone_torch":1,"biomesoplenty:hanging_cobweb":1,"minecraft:bread":24,"minecraft:iron_pickaxe":174,"minecraft:stone_axe":7,"minecraft:cobblestone":36,"minecraft:cooked_porkchop":5},"minecraft:picked_up":{"minecraft:crafting_table":12,"minecraft:iron_chestplate":3,"minecraft:wheat":75,"minecraft:wooden_pickaxe":1,"minecraft:gold_block":15,"minecraft:string":11,"minecraft:raw_copper":12,"minecraft:iron_axe":1,"biomesoplenty:tall_lavender":1,"minecraft:beetroot":4,"minecraft:cobbled_deepslate":2,"minecraft:spruce_planks":6,"minecraft:beef":7,"minecraft:redstone_torch":6,"minecraft:iron_pickaxe":2,"minecraft:minecart":1,"minecraft:chest":15,"minecraft:piston":12,"biomesoplenty:hanging_cobweb":2,"minecraft:furnace":2,"minecraft:stick":1,"minecraft:raw_iron":48,"minecraft:porkchop":12,"minecraft:diorite":38,"minecraft:carrot":84,"minecraft:redstone":6,"mekanism:raw_tin":18,"minecraft:stone_sword":1,"minecraft:light_gray_bed":3,"minecraft:rotten_flesh":8,"minecraft:beetroot_seeds":12,"create:ochrum":6,"minecraft:hay_block":12,"minecraft:iron_block":13,"minecraft:mutton":14,"minecraft:white_wool":9,"minecraft:cobblestone":295,"biomesoplenty:lavender":15,"bunker_down:ceiling_lamp":9,"minecraft:cooked_beef":4,"minecraft:salmon":2,"minecraft:leather":9,"bunker_down:steel_vent":6,"minecraft:potato":12,"minecraft:oak_log":14,"bunker_down:airlock_iron_door":2,"minecraft:gunpowder":2,"mca:book_romance":4,"minecraft:dirt":30,"bunker_down:steel_block":9,"minecraft:bone":1,"minecraft:stone_bricks":25,"minecraft:wheat_seeds":140,"minecraft:stone_pickaxe":1,"minecraft:mossy_stone_bricks":2,"minecraft:oak_planks":6,"minecraft:stone_hoe":2,"minecraft:iron_sword":1,"minecraft:emerald_block":4,"minecraft:cooked_porkchop":8,"minecraft:dandelion":12,"minecraft:spruce_log":3,"minecraft:diamond_block":9,"minecraft:dark_oak_log":4,"minecraft:spider_eye":4,"minecraft:stone_axe":1,"minecraft:gray_wool":1,"minecraft:bread":23,"minecraft:coal":14},"minecraft:custom":{"minecraft:mob_kills":31,"minecraft:interact_with_crafting_table":23,"minecraft:time_since_death":3484,"minecraft:climb_one_cm":19350,"minecraft:sprint_one_cm":263490,"minecraft:walk_one_cm":172792,"minecraft:drop":51,"minecraft:play_time":69675,"minecraft:deaths":6,"minecraft:sneak_time":1626,"minecraft:walk_under_water_one_cm":4248,"minecraft:jump":1966,"minecraft:walk_on_water_one_cm":2246,"minecraft:total_world_time":69675,"minecraft:interact_with_furnace":29,"minecraft:sleep_in_bed":3,"minecraft:time_since_rest":3516,"minecraft:damage_taken":2711,"minecraft:minecart_one_cm":30434,"minecraft:damage_dealt":3866,"minecraft:swim_one_cm":10834,"minecraft:fly_one_cm":558783,"minecraft:open_chest":13,"minecraft:crouch_one_cm":4550,"minecraft:fall_one_cm":40294}},"DataVersion":3120}