{"stats":{"minecraft:broken":{"minecraft:stone_axe":1},"minecraft:crafted":{"minecraft:wooden_sword":4,"minecraft:oak_planks":468,"minecraft:stone_shovel":1,"minecraft:furnace":3,"minecraft:bone_meal":54,"minecraft:cooked_mutton":10,"minecraft:oak_trapdoor":2,"immersive_armors:wooden_chestplate":1,"minecraft:iron_axe":2,"minecraft:stone_pickaxe":5,"minecraft:chest":4,"immersive_armors:wooden_helmet":1,"minecraft:dark_oak_planks":16,"minecraft:stone_hoe":1,"minecraft:wheat":108,"minecraft:minecart":1,"minecraft:cooked_beef":2,"minecraft:wooden_shovel":2,"minecraft:cooked_porkchop":5,"minecraft:crafting_table":4,"minecraft:spruce_planks":32,"biomesoplenty:redwood_planks":84,"minecraft:wooden_pickaxe":4,"minecraft:iron_sword":1,"immersive_armors:wooden_leggings":1,"minecraft:bucket":1,"minecraft:campfire":1,"minecraft:stone_axe":5,"minecraft:bread":39,"minecraft:air":0,"immersive_armors:wooden_boots":1,"minecraft:iron_chestplate":2,"minecraft:charcoal":5,"minecraft:stick":48,"minecraft:iron_ingot":42,"minecraft:iron_pickaxe":1,"minecraft:wooden_axe":2,"minecraft:stone_sword":4,"minecraft:white_bed":1,"minecraft:torch":40},"minecraft:custom":{"minecraft:mob_kills":49,"minecraft:interact_with_crafting_table":52,"minecraft:interact_with_campfire":6,"minecraft:leave_game":2,"minecraft:time_since_death":573,"minecraft:climb_one_cm":31529,"minecraft:sprint_one_cm":709313,"minecraft:walk_one_cm":400428,"minecraft:drop":96,"minecraft:play_time":198705,"minecraft:sneak_time":18800,"minecraft:deaths":35,"minecraft:walk_under_water_one_cm":59212,"minecraft:jump":5332,"minecraft:walk_on_water_one_cm":42822,"minecraft:total_world_time":198705,"minecraft:interact_with_furnace":55,"minecraft:sleep_in_bed":8,"minecraft:time_since_rest":599,"minecraft:damage_taken":11748,"minecraft:trigger_trapped_chest":2,"minecraft:minecart_one_cm":30434,"minecraft:damage_dealt":6889,"minecraft:swim_one_cm":78327,"minecraft:fly_one_cm":1405078,"minecraft:open_chest":117,"minecraft:crouch_one_cm":63033,"minecraft:fall_one_cm":134350},"minecraft:killed":{"minecraft:cave_spider":3,"hordes:zombie_player":9,"minecraft:spider":3,"minecraft:skeleton":2,"minecraft:pig":4,"minecraft:salmon":3,"minecraft:creeper":3,"minecraft:sheep":7,"zombieinvasion:knight_zombie":2,"minecraft:zombie":6,"minecraft:cow":6},"minecraft:picked_up":{"biomesoplenty:redwood_log":25,"minecraft:iron_chestplate":5,"minecraft:crafting_table":16,"minecraft:wheat":75,"minecraft:clay_ball":4,"minecraft:ladder":6,"minecraft:flower_pot":2,"minecraft:anvil":4,"minecraft:wooden_pickaxe":2,"minecraft:gold_block":15,"minecraft:string":13,"minecraft:cooked_salmon":1,"minecraft:raw_copper":24,"minecraft:iron_axe":1,"minecraft:wooden_sword":2,"biomesoplenty:tall_lavender":7,"minecraft:beetroot":4,"minecraft:cracked_stone_bricks":2,"minecraft:deepslate_tiles":2,"minecraft:cobbled_deepslate":2,"minecraft:bucket":4,"minecraft:spruce_planks":6,"minecraft:beef":19,"minecraft:rose_bush":2,"minecraft:redstone_torch":14,"minecraft:wooden_shovel":3,"minecraft:iron_pickaxe":2,"minecraft:minecart":1,"minecraft:chest":20,"minecraft:piston":18,"biomesoplenty:hanging_cobweb":2,"minecraft:furnace":6,"minecraft:raw_iron":53,"minecraft:stick":25,"minecraft:torch":9,"minecraft:porkchop":13,"minecraft:diorite":38,"minecraft:carrot":84,"minecraft:redstone":20,"mekanism:raw_tin":18,"minecraft:dark_oak_planks":3,"biomesoplenty:redwood_planks":61,"minecraft:stone_sword":9,"minecraft:cactus":2,"minecraft:arrow":3,"minecraft:light_gray_bed":3,"minecraft:stone_shovel":3,"minecraft:rotten_flesh":49,"minecraft:beetroot_seeds":12,"create:ochrum":40,"minecraft:hay_block":12,"minecraft:iron_block":15,"minecraft:mutton":14,"minecraft:skeleton_skull":5,"minecraft:white_wool":11,"minecraft:cobblestone":424,"bunker_down:ceiling_lamp":9,"biomesoplenty:lavender":72,"minecraft:cooked_beef":9,"minecraft:repeater":6,"minecraft:water_bucket":3,"minecraft:salmon":3,"minecraft:leather":16,"bunker_down:steel_vent":16,"minecraft:potato":16,"minecraft:oak_log":137,"enigmaticgraves:grave_finder":23,"bunker_down:airlock_iron_door":4,"minecraft:yellow_bed":1,"minecraft:cobblestone_wall":7,"minecraft:gunpowder":24,"mca:book_romance":4,"minecraft:dirt":340,"bunker_down:steel_block":11,"minecraft:bone":33,"minecraft:apple":6,"minecraft:stone_bricks":38,"minecraft:wheat_seeds":147,"minecraft:iron_ingot":62,"minecraft:stone_pickaxe":7,"minecraft:mossy_stone_bricks":2,"minecraft:iron_sword":1,"minecraft:stone_hoe":2,"minecraft:oak_planks":51,"minecraft:book":9,"minecraft:emerald_block":4,"minecraft:cooked_porkchop":14,"minecraft:music_disc_13":3,"minecraft:dandelion":13,"minecraft:dripstone_block":22,"minecraft:white_bed":2,"minecraft:spruce_log":23,"minecraft:diamond_block":9,"minecraft:dark_oak_log":4,"minecraft:spider_eye":4,"minecraft:light_gray_concrete":2,"minecraft:pumpkin_seeds":9,"minecraft:stone_axe":6,"minecraft:granite":1,"minecraft:gray_wool":2,"minecraft:bread":23,"minecraft:oak_sapling":38,"minecraft:red_concrete":1,"minecraft:coal":24,"minecraft:wooden_axe":4},"minecraft:killed_by":{"minecraft:player":2,"zombieinvasion:party_zombie":2,"hordes:zombie_player":2,"zombieinvasion:floaty_zombie":1,"minecraft:drowned":1,"kevin_trophy:crawler_zombie":1,"mutantmonsters:mutant_creeper":3,"minecraft:skeleton":7,"mutantmonsters:creeper_minion":3,"minecraft:zombie":6,"kevin_trophy:blister_zombie":1,"zombieinvasion:knight_zombie":2},"minecraft:dropped":{"bunker_down:steel_vent":5,"minecraft:water_bucket":4,"minecraft:bread":14,"minecraft:wheat_seeds":1,"biomesoplenty:hanging_cobweb":1,"biomesoplenty:lavender":13,"minecraft:cobblestone":51,"enigmaticgraves:grave_finder":8,"minecraft:leather":3,"minecraft:coal":1,"minecraft:iron_block":4,"minecraft:dirt":222,"bunker_down:airlock_iron_door":1,"minecraft:gray_wool":2,"mca:book_romance":1,"minecraft:diorite":13,"minecraft:wooden_axe":3,"minecraft:iron_pickaxe":1,"bunker_down:ceiling_lamp":3,"minecraft:bucket":1,"minecraft:dandelion":12,"minecraft:redstone":2,"minecraft:stone_axe":2,"minecraft:stone_sword":5,"minecraft:cobbled_deepslate":1,"minecraft:stone_shovel":4,"minecraft:beetroot":3,"minecraft:carrot":14,"minecraft:potato":4,"minecraft:deepslate_tiles":2,"minecraft:iron_chestplate":3,"minecraft:beetroot_seeds":9,"minecraft:mossy_stone_bricks":1,"minecraft:wooden_shovel":3,"bunker_down:steel_block":8,"minecraft:redstone_torch":3,"minecraft:stone_bricks":7,"minecraft:stone_pickaxe":4,"minecraft:wooden_pickaxe":3,"biomesoplenty:tall_lavender":4},"minecraft:mined":{"minecraft:light_blue_stained_glass_pane":4,"minecraft:white_bed":2,"minecraft:dark_oak_log":4,"minecraft:potted_cactus":2,"minecraft:gray_stained_glass_pane":3,"minecraft:ladder":1,"minecraft:granite":3,"biomesoplenty:bush":7,"minecraft:grass_block":106,"biomesoplenty:flowering_oak_leaves":2,"create:ochrum":7,"minecraft:light_gray_bed":2,"minecraft:light_blue_stained_glass":10,"minecraft:hay_block":12,"biomesoplenty:tall_lavender":4,"minecraft:furnace":5,"minecraft:carrots":10,"minecraft:iron_ore":29,"biomesoplenty:lavender":28,"minecraft:diamond_block":3,"minecraft:anvil":1,"bunker_down:steel_vent":6,"minecraft:gold_block":5,"biomesoplenty:hanging_cobweb":5,"minecraft:potatoes":1,"minecraft:bookshelf":3,"minecraft:vine":1,"biomesoplenty:redwood_log":25,"biomesoplenty:webbing":1,"horror_element_mod:crucified_body":1,"bunker_down:steel_block":3,"minecraft:iron_block":7,"minecraft:stone":234,"biomesoplenty:spider_egg":2,"minecraft:white_wool":1,"bunker_down:ceiling_lamp":3,"bunker_down:airlock_iron_door":1,"minecraft:glass_pane":1,"minecraft:dandelion":1,"minecraft:blue_stained_glass":4,"minecraft:crafting_table":10,"minecraft:torch":11,"minecraft:chest":9,"mekanism:tin_ore":6,"minecraft:copper_ore":2,"minecraft:tall_grass":3,"minecraft:glass":9,"minecraft:cobblestone":13,"minecraft:oak_planks":58,"minecraft:diorite":12,"minecraft:cobblestone_wall":4,"horror_element_mod:spiked_villager":1,"minecraft:redstone_torch":3,"minecraft:wheat":15,"minecraft:spruce_log":13,"minecraft:yellow_bed":1,"minecraft:grass":23,"minecraft:coal_ore":9,"minecraft:oak_log":137,"minecraft:beetroots":1,"biomesoplenty:redwood_leaves":2,"minecraft:dirt":29,"minecraft:cobweb":2,"minecraft:stone_bricks":12,"minecraft:mossy_stone_bricks":1,"minecraft:oak_leaves":101,"minecraft:emerald_block":2},"minecraft:used":{"minecraft:oak_trapdoor":1,"minecraft:stone_sword":67,"biomesoplenty:redwood_planks":34,"minecraft:stone_shovel":61,"minecraft:chest":8,"minecraft:spruce_planks":6,"minecraft:iron_sword":59,"minecraft:cooked_salmon":1,"minecraft:wooden_shovel":47,"minecraft:stone_hoe":13,"minecraft:iron_chestplate":1,"minecraft:torch":44,"create:ochrum":6,"minecraft:dirt":116,"minecraft:mutton":1,"minecraft:dark_oak_planks":6,"minecraft:wooden_axe":37,"minecraft:iron_axe":27,"minecraft:stone_bricks":10,"minecraft:beef":4,"minecraft:oak_sapling":14,"minecraft:furnace":5,"minecraft:minecart":2,"minecraft:cooked_beef":5,"minecraft:light_gray_bed":2,"minecraft:cobbled_deepslate":1,"minecraft:cooked_mutton":6,"minecraft:water_bucket":42,"minecraft:diorite":12,"minecraft:mossy_stone_bricks":1,"minecraft:oak_planks":383,"minecraft:stone_pickaxe":185,"minecraft:wooden_pickaxe":49,"minecraft:white_wool":1,"minecraft:salmon":2,"minecraft:crafting_table":12,"minecraft:white_bed":3,"minecraft:campfire":1,"minecraft:redstone_torch":2,"minecraft:apple":1,"minecraft:iron_pickaxe":176,"biomesoplenty:hanging_cobweb":1,"minecraft:bread":24,"minecraft:stone_axe":186,"minecraft:wooden_sword":34,"minecraft:cobblestone":75,"minecraft:porkchop":1,"minecraft:cooked_porkchop":7,"minecraft:bucket":46,"minecraft:yellow_bed":1,"minecraft:bone_meal":36}},"DataVersion":3120}