{"stats":{"minecraft:killed_by":{"minecraft:player":1},"minecraft:mined":{"bunker_down:airlock_iron_door":1,"minecraft:hay_block":12,"minecraft:carrots":10,"minecraft:iron_ore":24,"minecraft:wheat":15,"biomesoplenty:lavender":3,"minecraft:spruce_log":3,"minecraft:crafting_table":5,"minecraft:coal_ore":6,"minecraft:grass":5,"biomesoplenty:bush":6,"minecraft:potatoes":1,"minecraft:grass_block":1,"minecraft:oak_log":4,"minecraft:vine":1,"minecraft:beetroots":1,"minecraft:glass":1,"minecraft:cobblestone":5,"minecraft:stone":31},"minecraft:killed":{"minecraft:sheep":1,"minecraft:pig":3,"minecraft:cow":3},"minecraft:dropped":{"minecraft:wooden_axe":1},"minecraft:crafted":{"minecraft:oak_planks":16,"minecraft:crafting_table":1,"minecraft:spruce_planks":12,"minecraft:stick":12,"minecraft:wooden_pickaxe":1,"minecraft:stone_pickaxe":1,"minecraft:wooden_axe":1,"minecraft:stone_sword":1,"minecraft:stone_hoe":1,"minecraft:stone_axe":1,"minecraft:bread":17,"minecraft:wheat":108},"minecraft:used":{"minecraft:wooden_axe":15,"minecraft:stone_sword":6,"minecraft:bread":10,"minecraft:stone_pickaxe":64,"minecraft:spruce_planks":6,"minecraft:wooden_pickaxe":34,"minecraft:stone_hoe":13,"minecraft:stone_axe":5,"minecraft:cobblestone":10,"minecraft:mutton":1,"minecraft:beef":3,"minecraft:crafting_table":5},"minecraft:picked_up":{"biomesoplenty:lavender":3,"minecraft:raw_iron":24,"minecraft:crafting_table":5,"minecraft:wheat":9,"minecraft:leather":3,"minecraft:potato":4,"minecraft:porkchop":6,"bunker_down:airlock_iron_door":1,"minecraft:oak_log":4,"minecraft:spruce_log":3,"minecraft:carrot":28,"minecraft:dirt":1,"minecraft:rotten_flesh":2,"minecraft:beetroot":1,"minecraft:beetroot_seeds":3,"minecraft:wheat_seeds":35,"minecraft:hay_block":12,"minecraft:beef":5,"minecraft:coal":6,"minecraft:mutton":2,"minecraft:white_wool":1,"minecraft:cobblestone":36},"minecraft:custom":{"minecraft:time_since_rest":246,"minecraft:sprint_one_cm":60905,"minecraft:damage_taken":560,"minecraft:walk_one_cm":41795,"minecraft:mob_kills":7,"minecraft:drop":1,"minecraft:damage_dealt":789,"minecraft:interact_with_crafting_table":5,"minecraft:fly_one_cm":101938,"minecraft:crouch_one_cm":2112,"minecraft:play_time":15675,"minecraft:deaths":1,"minecraft:sneak_time":502,"minecraft:jump":433,"minecraft:time_since_death":214,"minecraft:climb_one_cm":12347,"minecraft:total_world_time":15675,"minecraft:fall_one_cm":16727}},"DataVersion":3120}