{"stats":{"minecraft:killed_by":{"minecraft:player":3,"minecraft:stray":1,"minecraft:creeper":8,"minecraft:spider":3,"zombieinvasion:party_zombie":4,"zombieinvasion:floaty_zombie":1,"hordes:zombie_player":6,"minecraft:skeleton":7,"minecraft:zombie":12,"kevin_trophy:blister_zombie":3,"zombieinvasion:knight_zombie":16},"minecraft:mined":{"minecraft:deepslate_tiles":2,"biomesoplenty:cherry_log":2,"minecraft:white_bed":1,"horror_element_mod:blood_3":1,"minecraft:grass_block":7,"minecraft:light_gray_bed":5,"minecraft:spawner":4,"minecraft:light_blue_stained_glass":6,"minecraft:sculk_catalyst":1,"horror_element_mod:villager_head":1,"biomesoplenty:lavender":1,"minecraft:anvil":2,"minecraft:sculk_shrieker":2,"minecraft:iron_bars":3,"horror_element_mod:crucified_body":1,"minecraft:stone":13,"minecraft:cyan_terracotta":1,"minecraft:torch":1,"minecraft:light_gray_terracotta":7,"minecraft:gray_stained_glass":2,"minecraft:wall_torch":3,"minecraft:cobblestone_wall":2,"biomesoplenty:white_cherry_leaves":2,"minecraft:oak_log":7,"minecraft:dirt":11},"minecraft:killed":{"minecraft:cave_spider":1,"hordes:zombie_player":14,"minecraft:spider":5,"minecraft:skeleton":4,"zombieinvasion:floaty_zombie":1,"minecraft:creeper":2,"kevin_trophy:crawler_zombie":2,"zombieinvasion:knight_zombie":2,"minecraft:zombie":6},"minecraft:dropped":{"bunker_down:steel_vent":1,"minecraft:stone_hoe":1,"minecraft:piston":6,"minecraft:wheat_seeds":35,"minecraft:crafting_table":1,"minecraft:cooked_porkchop":5,"biomesoplenty:lavender":3,"minecraft:cobblestone":35,"enigmaticgraves:grave_finder":10,"minecraft:leather":3,"minecraft:coal":1,"minecraft:stick":1,"minecraft:gold_block":5,"minecraft:iron_block":3,"minecraft:dirt":9,"mca:book_romance":1,"minecraft:diorite":13,"minecraft:torch":2,"minecraft:mutton":1,"minecraft:music_disc_wait":2,"minecraft:string":4,"minecraft:dandelion":4,"minecraft:redstone":2,"minecraft:anvil":2,"minecraft:kelp":8,"biomesoplenty:cherry_planks":14,"minecraft:cobblestone_wall":1,"minecraft:raw_copper":6,"minecraft:beetroot":1,"minecraft:rotten_flesh":4,"minecraft:oak_planks":24,"horror_element_mod:blood_7":1,"mekanism:raw_tin":6,"minecraft:poppy":2,"minecraft:potato":4,"minecraft:gunpowder":4,"minecraft:iron_chestplate":1,"minecraft:beetroot_seeds":3,"horror_element_mod:blood_3":1,"minecraft:light_gray_bed":1,"minecraft:chest":5,"minecraft:ladder":2,"bunker_down:steel_block":2,"minecraft:stone_bricks":2,"minecraft:iron_bars":2},"minecraft:crafted":{"minecraft:oak_planks":24,"biomesoplenty:cherry_planks":12,"minecraft:stone_pickaxe":1,"minecraft:wooden_pickaxe":1,"minecraft:stick":4,"minecraft:stone_sword":1},"minecraft:used":{"minecraft:stone_sword":87,"minecraft:ladder":5,"minecraft:zombie_spawn_egg":33,"minecraft:rotten_flesh":11,"minecraft:torch":2,"create:ochrum":1,"minecraft:dirt":16,"minecraft:skeleton_spawn_egg":4,"minecraft:carrot":16,"minecraft:granite":1,"mutantmonsters:mutant_creeper_spawn_egg":1,"minecraft:cyan_terracotta":1,"minecraft:birch_sapling":1,"biomesoplenty:tall_lavender":1,"minecraft:quartz_block":5,"bunker_down:airlock_iron_door":1,"minecraft:oak_sapling":3,"minecraft:potato":2,"minecraft:light_gray_bed":5,"bunker_down:steel_vent":1,"minecraft:stone_pickaxe":25,"minecraft:oak_planks":2,"minecraft:wooden_pickaxe":15,"zombieinvasion:knight_zombie_spawn_egg":9,"minecraft:light_gray_terracotta":5,"minecraft:creeper_spawn_egg":55,"minecraft:deepslate_tiles":2,"bunker_down:steel_block":1,"minecraft:light_gray_concrete":7,"minecraft:bread":1,"zombieinvasion:party_zombie_spawn_egg":5,"minecraft:wooden_sword":6,"minecraft:cobblestone":40,"minecraft:smooth_stone_slab":3,"minecraft:chainmail_leggings":1},"minecraft:picked_up":{"minecraft:iron_chestplate":1,"minecraft:crafting_table":1,"minecraft:anvil":10,"minecraft:ladder":13,"minecraft:wooden_pickaxe":5,"minecraft:gold_block":5,"minecraft:string":13,"minecraft:raw_copper":6,"horror_element_mod:blood_3":1,"minecraft:smooth_stone_slab":3,"biomesoplenty:tall_lavender":1,"minecraft:beetroot":1,"minecraft:deepslate_tiles":7,"minecraft:poppy":2,"biomesoplenty:cherry_planks":35,"minecraft:chest":5,"minecraft:birch_sapling":2,"minecraft:piston":6,"minecraft:stick":6,"minecraft:torch":8,"minecraft:diorite":13,"minecraft:carrot":21,"minecraft:redstone":3,"mekanism:raw_tin":6,"minecraft:quartz_block":14,"minecraft:stone_sword":5,"minecraft:arrow":2,"minecraft:light_gray_bed":5,"minecraft:rotten_flesh":30,"minecraft:beetroot_seeds":3,"create:ochrum":1,"minecraft:iron_block":3,"minecraft:cyan_terracotta":8,"minecraft:gold_ingot":5,"minecraft:music_disc_wait":5,"minecraft:mutton":1,"minecraft:iron_bars":10,"minecraft:rail":6,"minecraft:cobblestone":205,"bunker_down:ceiling_lamp":1,"biomesoplenty:lavender":3,"minecraft:iron_door":1,"minecraft:leather":3,"bunker_down:steel_vent":7,"minecraft:potato":6,"minecraft:oak_log":7,"enigmaticgraves:grave_finder":23,"bunker_down:airlock_iron_door":1,"minecraft:gunpowder":12,"minecraft:cobblestone_wall":3,"minecraft:dirt":54,"bunker_down:steel_block":7,"minecraft:bone":2,"minecraft:stone_bricks":13,"minecraft:kelp":16,"minecraft:wheat_seeds":35,"minecraft:stone_pickaxe":5,"minecraft:mossy_stone_bricks":1,"minecraft:stone_hoe":1,"biomesoplenty:cherry_log":3,"minecraft:oak_planks":96,"horror_element_mod:blood_7":1,"minecraft:cooked_porkchop":5,"minecraft:dandelion":4,"minecraft:quartz":2,"minecraft:light_gray_concrete":15,"minecraft:light_gray_terracotta":42,"minecraft:stone_axe":2,"minecraft:chainmail_leggings":2,"minecraft:bread":1,"minecraft:oak_sapling":3,"minecraft:coal":1},"minecraft:custom":{"minecraft:mob_kills":44,"minecraft:interact_with_crafting_table":9,"minecraft:open_barrel":2,"minecraft:leave_game":7,"minecraft:time_since_death":3641,"minecraft:climb_one_cm":151852,"minecraft:sprint_one_cm":781363,"minecraft:walk_one_cm":993969,"minecraft:drop":71,"minecraft:play_time":328686,"minecraft:deaths":73,"minecraft:sneak_time":9401,"minecraft:walk_under_water_one_cm":9864,"minecraft:jump":9237,"minecraft:interact_with_brewingstand":1,"minecraft:walk_on_water_one_cm":12080,"minecraft:total_world_time":330765,"minecraft:interact_with_furnace":2,"minecraft:sleep_in_bed":9,"minecraft:time_since_rest":3654,"minecraft:damage_taken":20903,"minecraft:damage_dealt":7853,"minecraft:swim_one_cm":15089,"minecraft:fly_one_cm":2486308,"minecraft:player_kills":4,"minecraft:open_chest":28,"minecraft:crouch_one_cm":37609,"minecraft:interact_with_smoker":2,"minecraft:fall_one_cm":215963}},"DataVersion":3120}