{"stats":{"minecraft:picked_up":{"biomesoplenty:lavender":2,"biomesoplenty:tall_lavender":1,"minecraft:cooked_mutton":2,"enigmaticgraves:grave_finder":11,"minecraft:white_wool":1},"minecraft:dropped":{"enigmaticgraves:grave_finder":22,"minecraft:cooked_mutton":2,"minecraft:white_wool":1,"biomesoplenty:lavender":1},"minecraft:custom":{"minecraft:open_chest":3,"minecraft:time_since_rest":33400,"minecraft:crouch_one_cm":293,"minecraft:sprint_one_cm":63346,"minecraft:play_time":38880,"minecraft:deaths":1,"minecraft:walk_one_cm":43061,"minecraft:sneak_time":672,"minecraft:walk_under_water_one_cm":1131,"minecraft:drop":26,"minecraft:jump":717,"minecraft:damage_dealt":54,"minecraft:leave_game":3,"minecraft:walk_on_water_one_cm":1402,"minecraft:time_since_death":33376,"minecraft:climb_one_cm":9739,"minecraft:total_world_time":39209,"minecraft:fly_one_cm":339419},"minecraft:used":{"minecraft:grass_block":6,"minecraft:zombie_spawn_egg":4,"minecraft:cobweb":10}},"DataVersion":3120}