{"stats":{"minecraft:used":{"minecraft:flint_and_steel":43,"minecraft:pig_spawn_egg":2,"minecraft:dirt":1,"minecraft:cooked_porkchop":2},"minecraft:picked_up":{"minecraft:cooked_porkchop":64,"minecraft:string":3,"tacz:ammo":180,"minecraft:arrow":5,"minecraft:bone":6,"minecraft:rotten_flesh":14},"minecraft:custom":{"minecraft:time_since_rest":22525,"minecraft:sprint_one_cm":23791,"minecraft:damage_taken":910,"minecraft:walk_one_cm":43613,"minecraft:mob_kills":43,"minecraft:drop":6,"minecraft:damage_dealt":40,"minecraft:damage_dealt_absorbed":41,"minecraft:fly_one_cm":125738,"minecraft:open_chest":1,"minecraft:crouch_one_cm":295,"minecraft:play_time":25259,"minecraft:deaths":1,"minecraft:sneak_time":192,"minecraft:walk_under_water_one_cm":884,"minecraft:jump":344,"minecraft:damage_dealt_resisted":170,"minecraft:time_since_death":22502,"minecraft:walk_on_water_one_cm":6479,"minecraft:leave_game":1,"minecraft:total_world_time":25259,"minecraft:climb_one_cm":1619,"minecraft:fall_one_cm":3109},"minecraft:dropped":{"minecraft:cooked_porkchop":64,"tacz:modern_kinetic_gun":1,"enigmaticgraves:grave_finder":1,"tacz:ammo":180},"minecraft:killed_by":{"apocalypsenow:runner_45":1},"minecraft:killed":{"minecraft:cat":1,"minecraft:skeleton":7,"zombieinvasion:floaty_zombie":1,"minecraft:zombie":9,"mca:male_zombie_villager":2,"minecraft:witch":1,"apocalypsenow:runner_48":1,"apocalypsenow:runner_40":1,"apocalypsenow:cockroach":1,"apocalypsenow:runner_43":1,"apocalypsenow:runner_44":4,"minecraft:spider":2,"apocalypsenow:runner_38":1,"apocalypsenow:runner_34":1,"apocalypsenow:runner_54":1,"minecraft:slime":5,"rottencreatures:swampy":1,"apocalypsenow:runner_35":1,"minecraft:creeper":2}},"DataVersion":3120}