{"stats":{"minecraft:mined":{"minecraft:light_gray_bed":3,"minecraft:wall_torch":2},"minecraft:killed_by":{"minecraft:skeleton":1,"zombieinvasion:knight_zombie":1,"minecraft:creeper":1},"minecraft:killed":{"minecraft:spider":1,"minecraft:zombie":1},"minecraft:dropped":{"minecraft:torch":1},"minecraft:used":{"bunker_down:airlock_iron_door":1,"bunker_down:steel_block":1,"minecraft:wooden_sword":6,"minecraft:cobblestone":13,"biomesoplenty:tall_lavender":1},"minecraft:picked_up":{"bunker_down:steel_block":5,"biomesoplenty:tall_lavender":1,"minecraft:light_gray_bed":2,"minecraft:rotten_flesh":4,"minecraft:torch":2,"bunker_down:airlock_iron_door":1,"minecraft:cobblestone":7},"minecraft:custom":{"minecraft:open_chest":5,"minecraft:time_since_rest":722,"minecraft:sprint_one_cm":39765,"minecraft:play_time":44249,"minecraft:damage_taken":1650,"minecraft:deaths":6,"minecraft:walk_one_cm":88823,"minecraft:sneak_time":399,"minecraft:walk_under_water_one_cm":1909,"minecraft:mob_kills":2,"minecraft:drop":1,"minecraft:jump":648,"minecraft:damage_dealt":386,"minecraft:leave_game":4,"minecraft:walk_on_water_one_cm":1875,"minecraft:time_since_death":694,"minecraft:total_world_time":46328,"minecraft:climb_one_cm":47106,"minecraft:swim_one_cm":7023,"minecraft:fall_one_cm":20980,"minecraft:fly_one_cm":318843}},"DataVersion":3120}