{"stats":{"minecraft:dropped":{"apocalypsenow:human_flesh":1,"minecraft:milk_bucket":1,"bunker_down:brittle_pickaxe":1,"minecraft:bone":1},"minecraft:custom":{"minecraft:open_chest":4,"minecraft:time_since_rest":4702,"minecraft:crouch_one_cm":716,"minecraft:damage_taken":712,"minecraft:play_time":27531,"minecraft:sprint_one_cm":14214,"minecraft:walk_one_cm":66466,"minecraft:deaths":3,"minecraft:sneak_time":389,"minecraft:walk_under_water_one_cm":4263,"minecraft:drop":4,"minecraft:jump":291,"minecraft:damage_dealt":196,"minecraft:leave_game":3,"minecraft:time_since_death":4679,"minecraft:walk_on_water_one_cm":6948,"minecraft:total_world_time":30311,"minecraft:climb_one_cm":9845,"minecraft:swim_one_cm":39,"minecraft:fly_one_cm":210963,"minecraft:fall_one_cm":4531},"minecraft:mined":{"minecraft:grass":1,"minecraft:cobblestone":3},"minecraft:used":{"bunker_down:brittle_pickaxe":3,"webdisplays:screen":15,"minecraft:milk_bucket":1},"minecraft:picked_up":{"firstaid:plaster":4,"minecraft:arrow":2,"minecraft:bone":1,"minecraft:rotten_flesh":1,"sophisticatedbackpacks:backpack":1,"minecraft:iron_helmet":1,"minecraft:cobblestone":3},"minecraft:killed_by":{"minecraft:creeper":1,"minecraft:pig":1}},"DataVersion":3120}