{"stats":{"minecraft:killed":{"rottencreatures:undead_miner":1,"minecraft:cave_spider":1,"minecraft:zombie":3,"hordes:zombie_player":1,"minecraft:spider":1},"minecraft:killed_by":{"kevin_trophy:zombie_brute":1,"minecraft:cave_spider":1,"kevin_trophy:crawler_zombie":1,"zombieinvasion:knight_zombie":8,"minecraft:skeleton":4,"minecraft:creeper":1,"minecraft:spider":2,"minecraft:zombie":1,"kevin_trophy:blister_zombie":1,"rottencreatures:undead_miner":2},"minecraft:used":{"biomesoplenty:tall_lavender":1,"minecraft:string":1,"minecraft:spruce_planks":10,"minecraft:chest":2,"biomesoplenty:lavender":2,"minecraft:wooden_sword":18,"minecraft:crafting_table":1,"bunker_down:brittle_pickaxe":15,"minecraft:light_gray_bed":5},"minecraft:dropped":{"minecraft:spruce_planks":1,"minecraft:light_gray_bed":1,"biomesoplenty:lavender":2,"minecraft:cobblestone":1,"enigmaticgraves:grave_finder":14,"minecraft:stone_bricks":3},"minecraft:mined":{"biomesoplenty:tall_lavender":1,"biomesoplenty:cherry_log":3,"minecraft:grass_block":3,"minecraft:oak_log":2,"minecraft:chest":2,"biomesoplenty:webbing":4,"minecraft:light_gray_bed":10,"minecraft:smooth_quartz":2,"minecraft:dirt":7,"minecraft:cobblestone":2,"minecraft:stone":1,"biomesoplenty:spider_egg":1,"minecraft:oak_leaves":2,"minecraft:wall_torch":2},"minecraft:crafted":{"minecraft:wooden_sword":1,"biomesoplenty:cherry_planks":12,"minecraft:crafting_table":1,"minecraft:stick":4},"minecraft:picked_up":{"biomesoplenty:lavender":5,"minecraft:torch":2,"minecraft:oak_log":2,"enigmaticgraves:grave_finder":8,"minecraft:spider_eye":2,"minecraft:dirt":10,"minecraft:string":3,"biomesoplenty:tall_lavender":1,"minecraft:light_gray_bed":11,"minecraft:rotten_flesh":3,"minecraft:stone_bricks":3,"minecraft:wheat_seeds":1,"minecraft:spruce_planks":3,"minecraft:smooth_quartz":2,"minecraft:chest":3,"biomesoplenty:cherry_log":3,"minecraft:coal":1,"minecraft:cobblestone":3},"minecraft:custom":{"minecraft:time_since_rest":9847,"minecraft:sprint_one_cm":215075,"minecraft:damage_taken":7310,"minecraft:walk_one_cm":255913,"minecraft:mob_kills":6,"minecraft:drop":22,"minecraft:damage_dealt":1366,"minecraft:swim_one_cm":6880,"minecraft:interact_with_crafting_table":1,"minecraft:fly_one_cm":689662,"minecraft:play_time":92218,"minecraft:open_chest":10,"minecraft:crouch_one_cm":2140,"minecraft:sneak_time":1008,"minecraft:deaths":26,"minecraft:walk_under_water_one_cm":2227,"minecraft:jump":2386,"minecraft:leave_game":5,"minecraft:time_since_death":9824,"minecraft:total_world_time":94297,"minecraft:walk_on_water_one_cm":2025,"minecraft:sleep_in_bed":2,"minecraft:climb_one_cm":64269,"minecraft:fall_one_cm":48787}},"DataVersion":3120}