{"stats":{"minecraft:killed_by":{"minecraft:creeper":1,"minecraft:pig":1},"minecraft:picked_up":{"firstaid:plaster":4,"minecraft:arrow":2,"minecraft:bone":1,"minecraft:rotten_flesh":1,"sophisticatedbackpacks:backpack":1,"minecraft:iron_helmet":1,"minecraft:cobblestone":3},"minecraft:mined":{"minecraft:grass":1,"minecraft:cobblestone":3},"minecraft:dropped":{"apocalypsenow:human_flesh":1,"minecraft:milk_bucket":1,"bunker_down:brittle_pickaxe":1,"minecraft:oak_leaves":1,"minecraft:bone":1},"minecraft:used":{"minecraft:oak_leaves":1,"apocalypsenow:rat_spawn_egg":7,"bunker_down:brittle_pickaxe":3,"webdisplays:screen":15,"minecraft:milk_bucket":1},"minecraft:custom":{"minecraft:open_chest":11,"minecraft:time_since_rest":25516,"minecraft:crouch_one_cm":2036,"minecraft:damage_taken":712,"minecraft:play_time":48345,"minecraft:sprint_one_cm":61621,"minecraft:walk_one_cm":93925,"minecraft:deaths":3,"minecraft:sneak_time":1145,"minecraft:walk_under_water_one_cm":6097,"minecraft:drop":5,"minecraft:jump":908,"minecraft:damage_dealt":326,"minecraft:leave_game":4,"minecraft:time_since_death":25493,"minecraft:walk_on_water_one_cm":7931,"minecraft:total_world_time":51125,"minecraft:climb_one_cm":11359,"minecraft:swim_one_cm":977,"minecraft:fly_one_cm":623347,"minecraft:fall_one_cm":4531}},"DataVersion":3120}