{"stats":{"minecraft:killed_by":{"kevin_trophy:zombie_brute":1,"kevin_trophy:crawler_zombie":1,"minecraft:skeleton":3,"zombieinvasion:knight_zombie":1},"minecraft:used":{"biomesoplenty:tall_lavender":1,"minecraft:chest":2,"biomesoplenty:lavender":2,"bunker_down:brittle_pickaxe":15},"minecraft:dropped":{"biomesoplenty:lavender":2,"minecraft:cobblestone":1,"enigmaticgraves:grave_finder":1},"minecraft:mined":{"biomesoplenty:tall_lavender":1,"minecraft:grass_block":3,"minecraft:chest":2,"minecraft:light_gray_bed":6,"minecraft:dirt":7,"minecraft:smooth_quartz":2,"minecraft:cobblestone":2,"minecraft:stone":1,"minecraft:wall_torch":2},"minecraft:picked_up":{"biomesoplenty:lavender":5,"minecraft:torch":2,"minecraft:dirt":10,"biomesoplenty:tall_lavender":1,"minecraft:light_gray_bed":6,"minecraft:wheat_seeds":1,"minecraft:spruce_planks":2,"minecraft:smooth_quartz":2,"minecraft:chest":3,"minecraft:cobblestone":3},"minecraft:custom":{"minecraft:time_since_rest":1225,"minecraft:sprint_one_cm":102613,"minecraft:damage_taken":1920,"minecraft:walk_one_cm":92271,"minecraft:drop":4,"minecraft:damage_dealt":136,"minecraft:swim_one_cm":4429,"minecraft:fly_one_cm":415418,"minecraft:open_chest":10,"minecraft:crouch_one_cm":907,"minecraft:play_time":53905,"minecraft:deaths":8,"minecraft:sneak_time":678,"minecraft:walk_under_water_one_cm":1383,"minecraft:jump":1180,"minecraft:leave_game":3,"minecraft:time_since_death":1198,"minecraft:walk_on_water_one_cm":665,"minecraft:total_world_time":55984,"minecraft:climb_one_cm":63966,"minecraft:fall_one_cm":30565}},"DataVersion":3120}