{"stats":{"minecraft:custom":{"minecraft:time_since_rest":17364,"minecraft:damage_dealt":198,"minecraft:sprint_one_cm":316,"minecraft:leave_game":3,"minecraft:play_time":17364,"minecraft:time_since_death":17364,"minecraft:walk_one_cm":3783,"minecraft:sneak_time":16,"minecraft:total_world_time":19443,"minecraft:mob_kills":1,"minecraft:fly_one_cm":958,"minecraft:jump":5},"minecraft:killed":{"minecraft:zombie":1},"minecraft:picked_up":{"bunker_down:steel_block":5,"bunker_down:airlock_iron_door":1,"minecraft:rotten_flesh":1,"minecraft:cobblestone":7},"minecraft:used":{"bunker_down:airlock_iron_door":1,"bunker_down:steel_block":1,"minecraft:wooden_sword":6,"minecraft:cobblestone":13}},"DataVersion":3120}