{"stats":{"minecraft:custom":{"minecraft:interact_with_crafting_table":20,"minecraft:open_barrel":2,"minecraft:leave_game":17,"minecraft:time_since_death":48821,"minecraft:sprint_one_cm":1772148,"minecraft:drop":493,"minecraft:play_time":787232,"minecraft:deaths":221,"minecraft:jump":18404,"minecraft:interact_with_brewingstand":1,"minecraft:walk_on_water_one_cm":113633,"minecraft:interact_with_furnace":48,"minecraft:sleep_in_bed":10,"minecraft:damage_dealt":20369,"minecraft:player_kills":6,"minecraft:crouch_one_cm":134067,"minecraft:interact_with_smoker":2,"minecraft:mob_kills":111,"minecraft:climb_one_cm":181130,"minecraft:walk_one_cm":2073940,"minecraft:sneak_time":36953,"minecraft:walk_under_water_one_cm":136355,"minecraft:total_world_time":789311,"minecraft:time_since_rest":48842,"minecraft:damage_taken":69394,"minecraft:damage_absorbed":40,"minecraft:swim_one_cm":130469,"minecraft:fly_one_cm":5154614,"minecraft:open_chest":151,"minecraft:fall_one_cm":605103},"minecraft:killed":{"minecraft:cave_spider":1,"minecraft:spider":5,"minecraft:zombie_horse":2,"minecraft:skeleton":14,"minecraft:pig":2,"minecraft:creeper":4,"zombieinvasion:knight_zombie":7,"minecraft:zombie":16,"minecraft:cow":1,"hordes:zombie_player":31,"zombieinvasion:floaty_zombie":4,"rottencreatures:undead_miner":1,"kevin_trophy:crawler_zombie":4,"zombieinvasion:party_zombie":3},"minecraft:crafted":{"minecraft:oak_planks":52,"biomesoplenty:cherry_planks":12,"minecraft:chest":1,"minecraft:crafting_table":1,"minecraft:wooden_pickaxe":1,"minecraft:copper_ingot":56,"minecraft:stick":12,"minecraft:iron_ingot":42,"minecraft:stone_sword":2,"minecraft:furnace":1,"minecraft:stone_pickaxe":2,"minecraft:dark_oak_planks":8,"minecraft:bucket":1,"minecraft:air":0,"alexs_armoury:tanning_rack":1},"minecraft:used":{"minecraft:ladder":6,"minecraft:chest":1,"minecraft:zombie_spawn_egg":67,"mutantmonsters:mutant_skeleton_spawn_egg":5,"minecraft:rotten_flesh":28,"minecraft:skeleton_spawn_egg":54,"minecraft:carrot":24,"mutantmonsters:mutant_creeper_spawn_egg":9,"mutantmonsters:spider_pig_spawn_egg":1,"minecraft:cyan_terracotta":1,"minecraft:villager_spawn_egg":23,"minecraft:birch_sapling":1,"minecraft:quartz_block":5,"mutantmonsters:creeper_minion_spawn_egg":1,"bunker_down:airlock_iron_door":1,"minecraft:bow":7,"minecraft:furnace":1,"minecraft:oak_sapling":3,"minecraft:egg":3,"minecraft:potato":2,"bunker_down:steel_vent":1,"minecraft:diorite":7,"minecraft:stone_pickaxe":292,"minecraft:oak_planks":2,"minecraft:wooden_pickaxe":46,"biomesoplenty:lavender":1,"minecraft:golden_apple":1,"minecraft:sand":1,"minecraft:light_gray_terracotta":5,"minecraft:creeper_spawn_egg":120,"minecraft:deepslate_tiles":2,"bunker_down:steel_block":1,"minecraft:light_gray_concrete":7,"minecraft:bread":1,"minecraft:wooden_sword":10,"minecraft:andesite":24,"minecraft:smooth_stone_slab":3,"minecraft:gray_stained_glass":2,"minecraft:stone_sword":303,"minecraft:torch":13,"create:ochrum":1,"minecraft:dirt":74,"minecraft:cobblestone_wall":1,"minecraft:granite":5,"biomesoplenty:tall_lavender":1,"alexs_armoury:tanning_rack":4,"minecraft:light_gray_bed":5,"minecraft:water_bucket":7,"zombieinvasion:knight_zombie_spawn_egg":9,"minecraft:crafting_table":2,"minecraft:gray_terracotta":9,"zombieinvasion:party_zombie_spawn_egg":5,"minecraft:lapis_ore":1,"minecraft:stone_axe":31,"mutantmonsters:mutant_zombie_spawn_egg":1,"minecraft:cobblestone":147,"minecraft:cooked_porkchop":64,"minecraft:bucket":6,"minecraft:chainmail_leggings":1},"minecraft:killed_by":{"mutantmonsters:mutant_zombie":4,"minecraft:creeper":17,"zombieinvasion:floaty_zombie":1,"minecraft:zombie_horse":7,"minecraft:drowned":4,"kevin_trophy:crawler_zombie":2,"mutantmonsters:mutant_creeper":10,"hordes:drowned_player":7,"mutantmonsters:creeper_minion":7,"minecraft:zombie":32,"minecraft:husk":5,"minecraft:player":6,"minecraft:stray":3,"minecraft:spider":4,"mutantmonsters:mutant_enderman":4,"zombieinvasion:party_zombie":7,"hordes:zombie_player":26,"mutantmonsters:mutant_skeleton":2,"minecraft:skeleton":25,"kevin_trophy:blister_zombie":4,"zombieinvasion:knight_zombie":25},"minecraft:picked_up":{"minecraft:iron_chestplate":1,"minecraft:wheat":7,"minecraft:anvil":10,"minecraft:enchanted_book":1,"minecraft:stone_brick_stairs":11,"minecraft:brewing_stand":2,"minecraft:string":58,"minecraft:raw_copper":70,"horror_element_mod:blood_3":1,"minecraft:smooth_stone_slab":16,"biomesoplenty:tall_lavender":7,"minecraft:experience_bottle":3,"minecraft:beetroot":1,"minecraft:deepslate_tiles":7,"minecraft:bucket":1,"minecraft:rose_bush":1,"minecraft:enchanted_golden_apple":1,"minecraft:furnace":1,"minecraft:iron_boots":2,"minecraft:stick":10,"minecraft:jungle_door":1,"minecraft:torch":17,"minecraft:porkchop":8,"minecraft:diorite":23,"mekanism:raw_tin":6,"minecraft:quartz_block":38,"minecraft:stone_sword":17,"minecraft:light_gray_bed":5,"minecraft:rotten_flesh":453,"create:ochrum":1,"minecraft:iron_block":3,"minecraft:cyan_terracotta":41,"mekanism:ingot_osmium":1,"minecraft:music_disc_wait":5,"minecraft:iron_bars":11,"minecraft:cobblestone":755,"biomesoplenty:lavender":41,"bunker_down:ceiling_lamp":1,"minecraft:feather":1,"minecraft:iron_door":3,"minecraft:andesite":46,"bunker_down:steel_vent":19,"minecraft:potato":334,"minecraft:flint":2,"enigmaticgraves:grave_finder":131,"minecraft:dirt":509,"minecraft:bone":144,"minecraft:bow":12,"minecraft:gray_terracotta":140,"minecraft:wheat_seeds":42,"minecraft:mossy_stone_bricks":1,"minecraft:moss_block":4,"biomesoplenty:cherry_log":3,"minecraft:stone_hoe":1,"minecraft:oak_planks":143,"minecraft:cooked_porkchop":156,"minecraft:poisonous_potato":4,"minecraft:sand":1,"minecraft:grass_block":1,"minecraft:dark_oak_log":8,"minecraft:light_gray_concrete":15,"minecraft:light_gray_terracotta":42,"create:crimsite":108,"minecraft:diamond":12,"minecraft:cracked_polished_blackstone_bricks":8,"minecraft:granite":21,"minecraft:golden_apple":1,"minecraft:bread":1,"minecraft:oak_sapling":5,"minecraft:charcoal":77,"minecraft:crafting_table":5,"minecraft:chicken":1,"minecraft:ladder":17,"minecraft:wooden_pickaxe":18,"minecraft:gold_block":5,"minecraft:chain":12,"minecraft:oak_trapdoor":1,"minecraft:wooden_sword":2,"tacz:ammo":180,"minecraft:cracked_stone_bricks":3,"minecraft:beef":6,"minecraft:iron_nugget":1,"minecraft:poppy":2,"biomesoplenty:cherry_planks":35,"minecraft:quartz_stairs":20,"minecraft:chest":5,"minecraft:birch_sapling":2,"minecraft:piston":6,"minecraft:egg":3,"minecraft:raw_iron":52,"minecraft:copper_ingot":6,"minecraft:polished_blackstone_bricks":7,"minecraft:carrot":33,"minecraft:redstone":5,"minecraft:dark_oak_planks":1,"minecraft:arrow":67,"biomesoplenty:jacaranda_log":4,"minecraft:beetroot_seeds":3,"alexs_armoury:tanning_rack":4,"mutantmonsters:mutant_creeper_spawn_egg":1,"minecraft:saddle":1,"minecraft:gold_ingot":5,"minecraft:polished_blackstone":8,"minecraft:mutton":1,"minecraft:rail":94,"biomesoplenty:goldenrod":1,"minecraft:leather":4,"minecraft:oak_log":14,"bunker_down:airlock_iron_door":1,"minecraft:gunpowder":141,"minecraft:cobblestone_wall":4,"minecraft:cobblestone_stairs":5,"bunker_down:steel_block":7,"minecraft:stone_bricks":19,"minecraft:kelp":150,"minecraft:creeper_spawn_egg":4,"minecraft:iron_ingot":21,"minecraft:stone_pickaxe":21,"horror_element_mod:blood_7":1,"minecraft:dandelion":4,"minecraft:quartz":3,"minecraft:gravel":5,"mekanism:ingot_tin":1,"minecraft:white_bed":1,"minecraft:spider_eye":84,"minecraft:pumpkin_seeds":84,"minecraft:stone_axe":15,"tacz:modern_kinetic_gun":2,"minecraft:chainmail_leggings":3,"minecraft:melon_seeds":22,"minecraft:black_wool":1,"minecraft:coal":56,"mutantmonsters:mutant_skeleton_spawn_egg":1},"minecraft:dropped":{"bunker_down:steel_vent":6,"minecraft:moss_block":2,"minecraft:piston":6,"minecraft:porkchop":4,"minecraft:diamond":4,"minecraft:crafting_table":2,"minecraft:cooked_porkchop":70,"enigmaticgraves:grave_finder":145,"minecraft:leather":3,"create:crimsite":27,"mutantmonsters:mutant_skeleton_spawn_egg":1,"minecraft:rail":31,"minecraft:gold_block":5,"minecraft:cracked_polished_blackstone_bricks":1,"minecraft:dirt":105,"minecraft:mutton":1,"minecraft:chain":4,"minecraft:polished_blackstone_bricks":3,"minecraft:dark_oak_planks":2,"minecraft:bone":33,"minecraft:stone_axe":5,"minecraft:beetroot":1,"minecraft:rotten_flesh":135,"minecraft:oak_planks":38,"mekanism:raw_tin":6,"minecraft:poppy":2,"minecraft:gunpowder":39,"minecraft:charcoal":67,"minecraft:beetroot_seeds":3,"minecraft:quartz_block":4,"minecraft:melon_seeds":6,"horror_element_mod:blood_3":1,"minecraft:chest":5,"minecraft:ladder":5,"minecraft:iron_bars":3,"minecraft:arrow":17,"minecraft:beef":3,"minecraft:quartz":1,"minecraft:stone_brick_stairs":5,"biomesoplenty:tall_lavender":4,"minecraft:stone_hoe":1,"minecraft:enchanted_book":1,"minecraft:iron_ingot":13,"minecraft:wheat_seeds":38,"minecraft:polished_blackstone":4,"minecraft:creeper_spawn_egg":1,"minecraft:poisonous_potato":4,"biomesoplenty:lavender":28,"minecraft:feather":1,"minecraft:cobblestone":157,"minecraft:coal":18,"minecraft:stick":1,"minecraft:iron_block":3,"mca:book_romance":1,"minecraft:diorite":13,"minecraft:torch":3,"minecraft:iron_door":1,"minecraft:lapis_ore":1,"tacz:modern_kinetic_gun":1,"minecraft:music_disc_wait":2,"minecraft:string":8,"minecraft:bucket":1,"minecraft:dandelion":4,"minecraft:redstone":2,"minecraft:anvil":2,"minecraft:kelp":41,"biomesoplenty:cherry_planks":14,"minecraft:stone_sword":3,"minecraft:cobblestone_wall":1,"minecraft:raw_copper":14,"minecraft:smooth_stone_slab":1,"minecraft:raw_iron":5,"minecraft:chicken":1,"horror_element_mod:blood_7":1,"minecraft:pumpkin_seeds":28,"minecraft:potato":4,"minecraft:gray_terracotta":189,"minecraft:iron_chestplate":1,"minecraft:andesite":11,"minecraft:quartz_stairs":12,"minecraft:light_gray_bed":1,"minecraft:oak_sapling":1,"bunker_down:steel_block":2,"minecraft:stone_bricks":3,"minecraft:spider_eye":35,"minecraft:bow":3,"minecraft:stone_pickaxe":8,"minecraft:wooden_pickaxe":4},"minecraft:broken":{"minecraft:stone_pickaxe":2,"minecraft:wooden_pickaxe":1},"minecraft:mined":{"biomesoplenty:cherry_log":2,"minecraft:white_bed":2,"alexs_armoury:tanning_rack":4,"minecraft:granite":4,"minecraft:grass_block":16,"minecraft:light_gray_bed":5,"minecraft:spawner":4,"minecraft:light_blue_stained_glass":9,"minecraft:sculk_catalyst":1,"horror_element_mod:villager_head":1,"minecraft:iron_ore":47,"biomesoplenty:lavender":4,"minecraft:anvil":2,"minecraft:sculk_shrieker":2,"minecraft:iron_bars":3,"horror_element_mod:crucified_body":1,"minecraft:quartz_block":2,"minecraft:cyan_terracotta":1,"minecraft:blue_stained_glass":3,"minecraft:torch":2,"minecraft:light_gray_terracotta":7,"minecraft:white_stained_glass_pane":2,"minecraft:glass":5,"minecraft:cobblestone":12,"minecraft:iron_door":1,"minecraft:wall_torch":9,"minecraft:grass":6,"minecraft:oak_log":11,"minecraft:dirt":40,"minecraft:oak_leaves":2,"minecraft:deepslate_tiles":2,"horror_element_mod:blood_3":1,"minecraft:ladder":1,"minecraft:white_stained_glass":2,"minecraft:moss_block":3,"minecraft:andesite":35,"bunker_down:steel_vent":1,"minecraft:stone":183,"minecraft:crafting_table":2,"minecraft:gray_stained_glass":11,"minecraft:tall_grass":3,"minecraft:copper_ore":15,"minecraft:diorite":7,"minecraft:cobblestone_wall":2,"biomesoplenty:white_cherry_leaves":2}},"DataVersion":3120}