{"stats":{"minecraft:killed_by":{"minecraft:player":2,"minecraft:skeleton":6,"minecraft:creeper":8,"minecraft:spider":3,"minecraft:zombie":4,"kevin_trophy:blister_zombie":2,"zombieinvasion:party_zombie":3,"hordes:zombie_player":5,"zombieinvasion:floaty_zombie":1,"zombieinvasion:knight_zombie":12},"minecraft:mined":{"minecraft:deepslate_tiles":2,"biomesoplenty:cherry_log":2,"horror_element_mod:blood_3":1,"minecraft:cyan_terracotta":1,"minecraft:torch":1,"minecraft:light_gray_terracotta":7,"minecraft:grass_block":7,"minecraft:gray_stained_glass":2,"minecraft:light_gray_bed":5,"minecraft:wall_torch":3,"minecraft:spawner":4,"minecraft:sculk_catalyst":1,"horror_element_mod:villager_head":1,"minecraft:cobblestone_wall":1,"biomesoplenty:white_cherry_leaves":2,"minecraft:anvil":2,"minecraft:sculk_shrieker":2,"minecraft:oak_log":7,"minecraft:iron_bars":1,"minecraft:dirt":6,"horror_element_mod:crucified_body":1,"minecraft:stone":12},"minecraft:killed":{"hordes:zombie_player":9,"minecraft:spider":4,"minecraft:creeper":1,"minecraft:skeleton":4,"zombieinvasion:floaty_zombie":1,"kevin_trophy:crawler_zombie":2,"zombieinvasion:knight_zombie":1,"minecraft:zombie":6},"minecraft:dropped":{"minecraft:anvil":2,"minecraft:kelp":8,"biomesoplenty:cherry_planks":14,"minecraft:cobblestone_wall":1,"minecraft:rotten_flesh":4,"enigmaticgraves:grave_finder":9,"minecraft:oak_planks":24,"horror_element_mod:blood_7":1,"minecraft:stick":1,"mca:book_romance":1,"minecraft:dirt":8,"minecraft:gunpowder":4,"minecraft:torch":2,"horror_element_mod:blood_3":1,"minecraft:stone_bricks":1,"minecraft:iron_bars":2,"minecraft:music_disc_wait":2},"minecraft:crafted":{"minecraft:oak_planks":24,"biomesoplenty:cherry_planks":12,"minecraft:wooden_pickaxe":1,"minecraft:stick":4,"minecraft:stone_pickaxe":1,"minecraft:stone_sword":1},"minecraft:used":{"minecraft:stone_sword":70,"minecraft:stone_pickaxe":24,"minecraft:ladder":5,"minecraft:oak_planks":2,"minecraft:wooden_pickaxe":12,"minecraft:zombie_spawn_egg":17,"zombieinvasion:knight_zombie_spawn_egg":4,"minecraft:rotten_flesh":9,"minecraft:torch":2,"minecraft:dirt":13,"minecraft:skeleton_spawn_egg":4,"minecraft:light_gray_terracotta":5,"minecraft:granite":1,"minecraft:deepslate_tiles":2,"minecraft:creeper_spawn_egg":41,"mutantmonsters:mutant_creeper_spawn_egg":1,"bunker_down:steel_block":1,"minecraft:cyan_terracotta":1,"minecraft:light_gray_concrete":7,"zombieinvasion:party_zombie_spawn_egg":5,"minecraft:bread":1,"biomesoplenty:tall_lavender":1,"minecraft:birch_sapling":1,"minecraft:quartz_block":5,"bunker_down:airlock_iron_door":1,"minecraft:wooden_sword":6,"minecraft:cobblestone":14,"minecraft:oak_sapling":3,"minecraft:smooth_stone_slab":3,"minecraft:light_gray_bed":4},"minecraft:picked_up":{"bunker_down:ceiling_lamp":1,"minecraft:iron_door":1,"minecraft:ladder":11,"minecraft:anvil":10,"minecraft:wooden_pickaxe":3,"bunker_down:steel_vent":5,"minecraft:oak_log":7,"enigmaticgraves:grave_finder":20,"bunker_down:airlock_iron_door":1,"minecraft:gunpowder":12,"minecraft:cobblestone_wall":1,"minecraft:dirt":46,"minecraft:string":9,"minecraft:smooth_stone_slab":3,"bunker_down:steel_block":5,"horror_element_mod:blood_3":1,"biomesoplenty:tall_lavender":1,"minecraft:bone":2,"minecraft:stone_bricks":13,"minecraft:kelp":16,"minecraft:deepslate_tiles":7,"minecraft:stone_pickaxe":3,"minecraft:mossy_stone_bricks":1,"biomesoplenty:cherry_planks":35,"minecraft:birch_sapling":2,"minecraft:oak_planks":96,"biomesoplenty:cherry_log":3,"minecraft:stick":6,"horror_element_mod:blood_7":1,"minecraft:torch":8,"minecraft:quartz":2,"minecraft:redstone":1,"minecraft:light_gray_concrete":15,"minecraft:quartz_block":14,"minecraft:light_gray_terracotta":42,"minecraft:stone_sword":3,"minecraft:arrow":2,"minecraft:light_gray_bed":4,"minecraft:rotten_flesh":26,"minecraft:chainmail_leggings":1,"minecraft:cyan_terracotta":8,"minecraft:gold_ingot":5,"minecraft:bread":1,"minecraft:oak_sapling":3,"minecraft:music_disc_wait":5,"minecraft:iron_bars":6,"minecraft:rail":6,"minecraft:cobblestone":41},"minecraft:custom":{"minecraft:interact_with_furnace":2,"minecraft:mob_kills":32,"minecraft:interact_with_crafting_table":8,"minecraft:open_barrel":2,"minecraft:leave_game":5,"minecraft:time_since_death":2831,"minecraft:sleep_in_bed":4,"minecraft:climb_one_cm":110656,"minecraft:time_since_rest":2856,"minecraft:sprint_one_cm":464909,"minecraft:damage_taken":14506,"minecraft:walk_one_cm":627943,"minecraft:drop":35,"minecraft:damage_dealt":5449,"minecraft:swim_one_cm":15089,"minecraft:fly_one_cm":1300125,"minecraft:player_kills":3,"minecraft:open_chest":20,"minecraft:play_time":202640,"minecraft:crouch_one_cm":4044,"minecraft:deaths":52,"minecraft:sneak_time":1805,"minecraft:walk_under_water_one_cm":9864,"minecraft:jump":5441,"minecraft:interact_with_brewingstand":1,"minecraft:walk_on_water_one_cm":11873,"minecraft:total_world_time":204719,"minecraft:interact_with_smoker":2,"minecraft:fall_one_cm":128488}},"DataVersion":3120}