{"stats":{"minecraft:used":{"minecraft:flint_and_steel":6,"minecraft:pig_spawn_egg":2},"minecraft:custom":{"minecraft:time_since_rest":10525,"minecraft:open_chest":1,"minecraft:crouch_one_cm":287,"minecraft:sprint_one_cm":18346,"minecraft:play_time":13259,"minecraft:deaths":1,"minecraft:damage_taken":220,"minecraft:walk_one_cm":12453,"minecraft:sneak_time":73,"minecraft:walk_under_water_one_cm":310,"minecraft:mob_kills":2,"minecraft:drop":1,"minecraft:jump":232,"minecraft:damage_dealt":40,"minecraft:leave_game":1,"minecraft:walk_on_water_one_cm":4925,"minecraft:time_since_death":10502,"minecraft:climb_one_cm":1380,"minecraft:total_world_time":13259,"minecraft:fall_one_cm":1855,"minecraft:fly_one_cm":73044},"minecraft:killed_by":{"apocalypsenow:runner_45":1},"minecraft:dropped":{"enigmaticgraves:grave_finder":1},"minecraft:killed":{"minecraft:cat":1,"minecraft:witch":1}},"DataVersion":3120}