{"stats":{"minecraft:mined":{"minecraft:wall_torch":2},"minecraft:killed":{"minecraft:zombie":1},"minecraft:used":{"bunker_down:airlock_iron_door":1,"bunker_down:steel_block":1,"minecraft:wooden_sword":6,"minecraft:cobblestone":13},"minecraft:picked_up":{"bunker_down:steel_block":5,"minecraft:rotten_flesh":1,"minecraft:torch":2,"bunker_down:airlock_iron_door":1,"minecraft:cobblestone":7},"minecraft:custom":{"minecraft:open_chest":5,"minecraft:time_since_rest":2024,"minecraft:sprint_one_cm":5445,"minecraft:play_time":26249,"minecraft:damage_taken":290,"minecraft:deaths":2,"minecraft:walk_one_cm":13930,"minecraft:sneak_time":395,"minecraft:mob_kills":1,"minecraft:jump":57,"minecraft:damage_dealt":198,"minecraft:leave_game":4,"minecraft:time_since_death":2000,"minecraft:total_world_time":28328,"minecraft:climb_one_cm":14606,"minecraft:fall_one_cm":3546,"minecraft:fly_one_cm":203776}},"DataVersion":3120}