{"stats":{"minecraft:killed_by":{"minecraft:player":3,"minecraft:stray":3,"minecraft:creeper":10,"minecraft:spider":4,"zombieinvasion:party_zombie":4,"hordes:zombie_player":11,"zombieinvasion:floaty_zombie":1,"minecraft:zombie_horse":2,"mutantmonsters:mutant_creeper":5,"mutantmonsters:mutant_skeleton":2,"minecraft:skeleton":9,"mutantmonsters:creeper_minion":6,"minecraft:zombie":19,"kevin_trophy:blister_zombie":3,"zombieinvasion:knight_zombie":18},"minecraft:mined":{"minecraft:deepslate_tiles":2,"minecraft:white_bed":1,"biomesoplenty:cherry_log":2,"horror_element_mod:blood_3":1,"minecraft:ladder":1,"minecraft:grass_block":7,"minecraft:white_stained_glass":2,"minecraft:light_gray_bed":5,"minecraft:spawner":4,"minecraft:light_blue_stained_glass":6,"minecraft:sculk_catalyst":1,"horror_element_mod:villager_head":1,"biomesoplenty:lavender":1,"minecraft:anvil":2,"bunker_down:steel_vent":1,"minecraft:sculk_shrieker":2,"minecraft:iron_bars":3,"horror_element_mod:crucified_body":1,"minecraft:stone":13,"minecraft:quartz_block":2,"minecraft:cyan_terracotta":1,"minecraft:crafting_table":1,"minecraft:torch":1,"minecraft:light_gray_terracotta":7,"minecraft:gray_stained_glass":5,"minecraft:glass":1,"minecraft:cobblestone":7,"minecraft:wall_torch":3,"minecraft:cobblestone_wall":2,"biomesoplenty:white_cherry_leaves":2,"minecraft:oak_log":7,"minecraft:dirt":13,"minecraft:oak_leaves":2},"minecraft:killed":{"minecraft:cave_spider":1,"hordes:zombie_player":22,"minecraft:spider":5,"minecraft:skeleton":14,"zombieinvasion:floaty_zombie":4,"rottencreatures:undead_miner":1,"minecraft:creeper":4,"zombieinvasion:knight_zombie":6,"kevin_trophy:crawler_zombie":2,"minecraft:zombie":14,"zombieinvasion:party_zombie":3},"minecraft:dropped":{"bunker_down:steel_vent":4,"minecraft:stone_hoe":1,"minecraft:piston":6,"minecraft:wheat_seeds":35,"minecraft:polished_blackstone":4,"minecraft:diamond":3,"minecraft:crafting_table":1,"minecraft:cooked_porkchop":51,"biomesoplenty:lavender":3,"minecraft:cobblestone":82,"enigmaticgraves:grave_finder":58,"minecraft:leather":3,"create:crimsite":27,"minecraft:rail":24,"minecraft:coal":16,"minecraft:stick":1,"minecraft:gold_block":5,"minecraft:cracked_polished_blackstone_bricks":1,"minecraft:iron_block":3,"minecraft:dirt":93,"mca:book_romance":1,"minecraft:diorite":13,"minecraft:torch":2,"minecraft:mutton":1,"minecraft:chain":3,"minecraft:polished_blackstone_bricks":3,"minecraft:music_disc_wait":2,"minecraft:string":8,"minecraft:dandelion":4,"minecraft:redstone":2,"minecraft:bone":33,"minecraft:anvil":2,"minecraft:stone_axe":3,"minecraft:kelp":41,"biomesoplenty:cherry_planks":14,"minecraft:stone_sword":3,"minecraft:cobblestone_wall":1,"minecraft:raw_copper":6,"minecraft:beetroot":1,"minecraft:rotten_flesh":129,"minecraft:oak_planks":24,"horror_element_mod:blood_7":1,"mekanism:raw_tin":6,"minecraft:pumpkin_seeds":21,"minecraft:poppy":2,"minecraft:potato":4,"minecraft:gray_terracotta":35,"minecraft:gunpowder":37,"minecraft:iron_chestplate":1,"minecraft:quartz_block":3,"minecraft:beetroot_seeds":3,"minecraft:melon_seeds":6,"minecraft:quartz_stairs":12,"horror_element_mod:blood_3":1,"minecraft:light_gray_bed":1,"minecraft:chest":5,"minecraft:oak_sapling":1,"minecraft:ladder":5,"bunker_down:steel_block":2,"minecraft:spider_eye":21,"minecraft:stone_bricks":2,"minecraft:bow":3,"minecraft:iron_bars":3,"minecraft:arrow":3,"minecraft:wooden_pickaxe":3,"minecraft:stone_pickaxe":3,"minecraft:stone_brick_stairs":3},"minecraft:crafted":{"minecraft:oak_planks":24,"biomesoplenty:cherry_planks":12,"minecraft:stone_pickaxe":1,"minecraft:chest":1,"minecraft:dark_oak_planks":8,"minecraft:wooden_pickaxe":1,"minecraft:stick":4,"minecraft:stone_sword":2},"minecraft:used":{"minecraft:stone_sword":299,"minecraft:ladder":6,"minecraft:chest":1,"minecraft:zombie_spawn_egg":34,"minecraft:rotten_flesh":13,"minecraft:torch":6,"create:ochrum":1,"minecraft:dirt":39,"minecraft:skeleton_spawn_egg":4,"minecraft:cobblestone_wall":1,"minecraft:carrot":16,"minecraft:granite":1,"mutantmonsters:mutant_creeper_spawn_egg":4,"minecraft:cyan_terracotta":1,"biomesoplenty:tall_lavender":1,"minecraft:birch_sapling":1,"minecraft:quartz_block":5,"mutantmonsters:creeper_minion_spawn_egg":1,"bunker_down:airlock_iron_door":1,"minecraft:bow":7,"minecraft:oak_sapling":3,"minecraft:potato":2,"minecraft:light_gray_bed":5,"bunker_down:steel_vent":1,"minecraft:stone_pickaxe":29,"minecraft:oak_planks":2,"minecraft:wooden_pickaxe":23,"zombieinvasion:knight_zombie_spawn_egg":9,"minecraft:crafting_table":1,"minecraft:light_gray_terracotta":5,"minecraft:deepslate_tiles":2,"minecraft:creeper_spawn_egg":70,"minecraft:gray_terracotta":5,"bunker_down:steel_block":1,"minecraft:light_gray_concrete":7,"minecraft:bread":1,"zombieinvasion:party_zombie_spawn_egg":5,"minecraft:wooden_sword":6,"minecraft:cobblestone":104,"minecraft:cooked_porkchop":57,"minecraft:smooth_stone_slab":3,"minecraft:chainmail_leggings":1},"minecraft:picked_up":{"minecraft:iron_chestplate":1,"minecraft:crafting_table":2,"minecraft:ladder":17,"minecraft:anvil":10,"minecraft:wooden_pickaxe":15,"minecraft:gold_block":5,"minecraft:stone_brick_stairs":10,"minecraft:chain":11,"minecraft:string":25,"minecraft:raw_copper":6,"minecraft:smooth_stone_slab":15,"horror_element_mod:blood_3":1,"biomesoplenty:tall_lavender":1,"minecraft:beetroot":1,"minecraft:cracked_stone_bricks":3,"minecraft:deepslate_tiles":7,"minecraft:poppy":2,"biomesoplenty:cherry_planks":35,"minecraft:quartz_stairs":16,"minecraft:chest":5,"minecraft:birch_sapling":2,"minecraft:piston":6,"minecraft:furnace":1,"minecraft:stick":6,"minecraft:jungle_door":1,"minecraft:torch":8,"minecraft:polished_blackstone_bricks":7,"minecraft:diorite":13,"minecraft:carrot":21,"minecraft:redstone":3,"mekanism:raw_tin":6,"minecraft:quartz_block":24,"minecraft:stone_sword":16,"minecraft:arrow":60,"minecraft:light_gray_bed":5,"minecraft:rotten_flesh":377,"minecraft:beetroot_seeds":3,"create:ochrum":1,"minecraft:iron_block":3,"minecraft:cyan_terracotta":41,"minecraft:gold_ingot":5,"mutantmonsters:mutant_creeper_spawn_egg":1,"minecraft:polished_blackstone":8,"minecraft:music_disc_wait":5,"minecraft:mutton":1,"minecraft:iron_bars":11,"minecraft:rail":80,"minecraft:cobblestone":279,"biomesoplenty:lavender":3,"bunker_down:ceiling_lamp":1,"minecraft:iron_door":1,"minecraft:andesite":2,"minecraft:leather":3,"bunker_down:steel_vent":18,"minecraft:potato":6,"minecraft:oak_log":7,"enigmaticgraves:grave_finder":103,"bunker_down:airlock_iron_door":1,"minecraft:cobblestone_wall":4,"minecraft:gunpowder":87,"minecraft:dirt":318,"bunker_down:steel_block":7,"minecraft:bone":119,"minecraft:stone_bricks":18,"minecraft:gray_terracotta":64,"minecraft:kelp":139,"minecraft:bow":11,"minecraft:wheat_seeds":35,"minecraft:iron_ingot":1,"minecraft:stone_pickaxe":15,"minecraft:mossy_stone_bricks":1,"minecraft:stone_hoe":1,"minecraft:oak_planks":96,"biomesoplenty:cherry_log":3,"horror_element_mod:blood_7":1,"minecraft:cooked_porkchop":117,"minecraft:quartz":2,"minecraft:dandelion":4,"minecraft:spider_eye":70,"minecraft:light_gray_concrete":15,"minecraft:light_gray_terracotta":42,"minecraft:pumpkin_seeds":77,"create:crimsite":99,"minecraft:diamond":11,"minecraft:stone_axe":12,"minecraft:chainmail_leggings":2,"minecraft:cracked_polished_blackstone_bricks":8,"minecraft:bread":1,"minecraft:oak_sapling":5,"minecraft:melon_seeds":20,"minecraft:coal":52},"minecraft:custom":{"minecraft:mob_kills":87,"minecraft:interact_with_crafting_table":10,"minecraft:open_barrel":2,"minecraft:leave_game":9,"minecraft:time_since_death":723,"minecraft:climb_one_cm":177615,"minecraft:sprint_one_cm":1145812,"minecraft:walk_one_cm":1456473,"minecraft:drop":268,"minecraft:play_time":482039,"minecraft:deaths":111,"minecraft:sneak_time":20038,"minecraft:walk_under_water_one_cm":19459,"minecraft:jump":12621,"minecraft:interact_with_brewingstand":1,"minecraft:walk_on_water_one_cm":38276,"minecraft:total_world_time":484118,"minecraft:interact_with_furnace":2,"minecraft:sleep_in_bed":9,"minecraft:time_since_rest":747,"minecraft:damage_taken":36474,"minecraft:damage_dealt":17578,"minecraft:swim_one_cm":56765,"minecraft:fly_one_cm":3349829,"minecraft:player_kills":5,"minecraft:open_chest":45,"minecraft:crouch_one_cm":80863,"minecraft:interact_with_smoker":2,"minecraft:fall_one_cm":344112}},"DataVersion":3120}