{"stats":{"minecraft:killed":{"minecraft:cave_spider":1,"hordes:zombie_player":1,"minecraft:spider":1},"minecraft:killed_by":{"kevin_trophy:zombie_brute":1,"minecraft:cave_spider":1,"kevin_trophy:crawler_zombie":1,"minecraft:skeleton":4,"zombieinvasion:knight_zombie":6,"minecraft:creeper":1,"minecraft:spider":2,"minecraft:zombie":1,"rottencreatures:undead_miner":2},"minecraft:used":{"minecraft:string":1,"biomesoplenty:tall_lavender":1,"minecraft:chest":2,"biomesoplenty:lavender":2,"bunker_down:brittle_pickaxe":15,"minecraft:light_gray_bed":5},"minecraft:dropped":{"minecraft:light_gray_bed":1,"biomesoplenty:lavender":2,"minecraft:cobblestone":1,"minecraft:stone_bricks":3,"enigmaticgraves:grave_finder":9},"minecraft:mined":{"biomesoplenty:tall_lavender":1,"minecraft:grass_block":3,"minecraft:oak_log":2,"minecraft:chest":2,"biomesoplenty:webbing":4,"minecraft:light_gray_bed":10,"minecraft:dirt":7,"minecraft:smooth_quartz":2,"minecraft:cobblestone":2,"biomesoplenty:spider_egg":1,"minecraft:stone":1,"minecraft:oak_leaves":2,"minecraft:wall_torch":2},"minecraft:picked_up":{"biomesoplenty:lavender":5,"minecraft:torch":2,"minecraft:oak_log":2,"enigmaticgraves:grave_finder":5,"minecraft:spider_eye":2,"minecraft:string":3,"minecraft:dirt":10,"biomesoplenty:tall_lavender":1,"minecraft:light_gray_bed":11,"minecraft:stone_bricks":3,"minecraft:wheat_seeds":1,"minecraft:spruce_planks":2,"minecraft:smooth_quartz":2,"minecraft:chest":3,"minecraft:cobblestone":3},"minecraft:custom":{"minecraft:time_since_rest":571,"minecraft:sprint_one_cm":182048,"minecraft:damage_taken":6575,"minecraft:walk_one_cm":222428,"minecraft:mob_kills":3,"minecraft:drop":16,"minecraft:damage_dealt":769,"minecraft:swim_one_cm":6880,"minecraft:fly_one_cm":589480,"minecraft:open_chest":10,"minecraft:crouch_one_cm":2140,"minecraft:play_time":77905,"minecraft:deaths":23,"minecraft:sneak_time":870,"minecraft:walk_under_water_one_cm":2227,"minecraft:jump":2031,"minecraft:leave_game":3,"minecraft:time_since_death":546,"minecraft:walk_on_water_one_cm":2025,"minecraft:sleep_in_bed":2,"minecraft:total_world_time":79984,"minecraft:climb_one_cm":63966,"minecraft:fall_one_cm":40668}},"DataVersion":3120}