{"stats":{"minecraft:used":{"minecraft:cobweb":10,"minecraft:grass_block":6},"minecraft:picked_up":{"biomesoplenty:lavender":2,"biomesoplenty:tall_lavender":1,"enigmaticgraves:grave_finder":11},"minecraft:custom":{"minecraft:jump":263,"minecraft:time_since_rest":11304,"minecraft:leave_game":2,"minecraft:time_since_death":11280,"minecraft:play_time":16784,"minecraft:crouch_one_cm":216,"minecraft:walk_one_cm":21644,"minecraft:sprint_one_cm":16951,"minecraft:walk_on_water_one_cm":417,"minecraft:deaths":1,"minecraft:sneak_time":640,"minecraft:total_world_time":17113,"minecraft:climb_one_cm":7371,"minecraft:walk_under_water_one_cm":1131,"minecraft:drop":23,"minecraft:fly_one_cm":116644,"minecraft:open_chest":2},"minecraft:dropped":{"enigmaticgraves:grave_finder":22,"biomesoplenty:lavender":1}},"DataVersion":3120}