{"stats":{"minecraft:crafted":{"biomesoplenty:cherry_planks":12,"minecraft:oak_planks":36,"minecraft:stone_pickaxe":2,"minecraft:chest":1,"minecraft:dark_oak_planks":8,"minecraft:wooden_pickaxe":1,"minecraft:stick":12,"minecraft:stone_sword":2,"alexs_armoury:tanning_rack":1},"minecraft:picked_up":{"minecraft:charcoal":5,"minecraft:iron_chestplate":1,"minecraft:crafting_table":3,"minecraft:wheat":7,"minecraft:chicken":1,"minecraft:anvil":10,"minecraft:ladder":17,"minecraft:wooden_pickaxe":16,"minecraft:gold_block":5,"minecraft:stone_brick_stairs":11,"minecraft:chain":12,"minecraft:brewing_stand":2,"minecraft:string":58,"minecraft:oak_trapdoor":1,"minecraft:raw_copper":19,"horror_element_mod:blood_3":1,"minecraft:wooden_sword":2,"minecraft:smooth_stone_slab":16,"biomesoplenty:tall_lavender":7,"minecraft:experience_bottle":3,"minecraft:beetroot":1,"minecraft:cracked_stone_bricks":3,"minecraft:deepslate_tiles":7,"minecraft:rose_bush":1,"minecraft:iron_nugget":1,"minecraft:poppy":2,"biomesoplenty:cherry_planks":35,"minecraft:enchanted_golden_apple":1,"minecraft:quartz_stairs":20,"minecraft:chest":5,"minecraft:birch_sapling":2,"minecraft:piston":6,"minecraft:egg":3,"minecraft:iron_boots":2,"minecraft:furnace":1,"minecraft:stick":10,"minecraft:jungle_door":1,"minecraft:copper_ingot":6,"minecraft:torch":17,"minecraft:polished_blackstone_bricks":7,"minecraft:diorite":16,"minecraft:carrot":33,"minecraft:redstone":5,"mekanism:raw_tin":6,"minecraft:dark_oak_planks":1,"minecraft:quartz_block":38,"minecraft:stone_sword":17,"minecraft:arrow":67,"minecraft:light_gray_bed":5,"minecraft:rotten_flesh":446,"biomesoplenty:jacaranda_log":4,"minecraft:beetroot_seeds":3,"alexs_armoury:tanning_rack":4,"create:ochrum":1,"minecraft:iron_block":3,"minecraft:cyan_terracotta":41,"minecraft:saddle":1,"minecraft:gold_ingot":5,"mutantmonsters:mutant_creeper_spawn_egg":1,"minecraft:polished_blackstone":8,"mekanism:ingot_osmium":1,"minecraft:music_disc_wait":5,"minecraft:mutton":1,"minecraft:iron_bars":11,"minecraft:rail":94,"minecraft:cobblestone":512,"biomesoplenty:lavender":41,"bunker_down:ceiling_lamp":1,"minecraft:feather":1,"minecraft:iron_door":1,"minecraft:andesite":4,"biomesoplenty:goldenrod":1,"minecraft:leather":4,"bunker_down:steel_vent":19,"minecraft:potato":7,"minecraft:flint":2,"minecraft:oak_log":10,"enigmaticgraves:grave_finder":125,"bunker_down:airlock_iron_door":1,"minecraft:cobblestone_wall":4,"minecraft:gunpowder":141,"minecraft:cobblestone_stairs":5,"minecraft:dirt":459,"bunker_down:steel_block":7,"minecraft:bone":144,"minecraft:stone_bricks":19,"minecraft:kelp":150,"minecraft:bow":12,"minecraft:gray_terracotta":140,"minecraft:wheat_seeds":42,"minecraft:creeper_spawn_egg":4,"minecraft:iron_ingot":8,"minecraft:stone_pickaxe":15,"minecraft:mossy_stone_bricks":1,"minecraft:moss_block":4,"minecraft:oak_planks":128,"minecraft:stone_hoe":1,"biomesoplenty:cherry_log":3,"horror_element_mod:blood_7":1,"minecraft:cooked_porkchop":130,"minecraft:quartz":2,"minecraft:dandelion":4,"minecraft:gravel":5,"mekanism:ingot_tin":1,"minecraft:sand":1,"minecraft:white_bed":1,"minecraft:grass_block":1,"minecraft:spider_eye":84,"minecraft:dark_oak_log":8,"minecraft:light_gray_concrete":15,"minecraft:light_gray_terracotta":42,"minecraft:pumpkin_seeds":84,"create:crimsite":108,"minecraft:stone_axe":12,"minecraft:diamond":12,"minecraft:chainmail_leggings":3,"minecraft:cracked_polished_blackstone_bricks":8,"minecraft:granite":17,"minecraft:golden_apple":1,"minecraft:bread":1,"minecraft:oak_sapling":5,"minecraft:melon_seeds":22,"minecraft:black_wool":1,"minecraft:coal":56},"minecraft:killed":{"minecraft:cave_spider":1,"hordes:zombie_player":27,"minecraft:spider":5,"minecraft:skeleton":14,"zombieinvasion:floaty_zombie":4,"rottencreatures:undead_miner":1,"minecraft:creeper":4,"zombieinvasion:knight_zombie":6,"kevin_trophy:crawler_zombie":3,"minecraft:zombie":15,"zombieinvasion:party_zombie":3},"minecraft:custom":{"minecraft:mob_kills":99,"minecraft:interact_with_crafting_table":15,"minecraft:open_barrel":2,"minecraft:leave_game":13,"minecraft:time_since_death":7551,"minecraft:climb_one_cm":181130,"minecraft:sprint_one_cm":1645470,"minecraft:walk_one_cm":1939224,"minecraft:drop":423,"minecraft:play_time":704304,"minecraft:deaths":209,"minecraft:sneak_time":35401,"minecraft:walk_under_water_one_cm":111481,"minecraft:jump":17275,"minecraft:interact_with_brewingstand":1,"minecraft:walk_on_water_one_cm":96344,"minecraft:total_world_time":706383,"minecraft:interact_with_furnace":13,"minecraft:sleep_in_bed":10,"minecraft:time_since_rest":7573,"minecraft:damage_taken":65474,"minecraft:damage_dealt":18583,"minecraft:swim_one_cm":111433,"minecraft:fly_one_cm":4726262,"minecraft:player_kills":6,"minecraft:open_chest":95,"minecraft:crouch_one_cm":131865,"minecraft:interact_with_smoker":2,"minecraft:fall_one_cm":580375},"minecraft:dropped":{"bunker_down:steel_vent":6,"minecraft:stone_hoe":1,"minecraft:piston":6,"minecraft:moss_block":2,"minecraft:wheat_seeds":38,"minecraft:polished_blackstone":4,"minecraft:diamond":4,"minecraft:crafting_table":1,"minecraft:cooked_porkchop":51,"minecraft:creeper_spawn_egg":1,"biomesoplenty:lavender":28,"minecraft:feather":1,"minecraft:cobblestone":84,"enigmaticgraves:grave_finder":128,"minecraft:leather":3,"create:crimsite":27,"minecraft:rail":31,"minecraft:coal":18,"minecraft:stick":1,"minecraft:gold_block":5,"minecraft:iron_block":3,"minecraft:cracked_polished_blackstone_bricks":1,"minecraft:dirt":94,"mca:book_romance":1,"minecraft:diorite":13,"minecraft:torch":3,"minecraft:mutton":1,"minecraft:chain":4,"minecraft:polished_blackstone_bricks":3,"minecraft:music_disc_wait":2,"minecraft:dark_oak_planks":2,"minecraft:string":8,"minecraft:dandelion":4,"minecraft:redstone":2,"minecraft:bone":33,"minecraft:anvil":2,"minecraft:stone_axe":3,"minecraft:kelp":41,"biomesoplenty:cherry_planks":14,"minecraft:stone_sword":3,"minecraft:cobblestone_wall":1,"minecraft:raw_copper":6,"minecraft:smooth_stone_slab":1,"minecraft:beetroot":1,"minecraft:chicken":1,"minecraft:rotten_flesh":130,"minecraft:oak_planks":24,"horror_element_mod:blood_7":1,"mekanism:raw_tin":6,"minecraft:pumpkin_seeds":28,"minecraft:poppy":2,"minecraft:potato":4,"minecraft:gray_terracotta":189,"minecraft:gunpowder":39,"minecraft:iron_chestplate":1,"minecraft:quartz_stairs":12,"minecraft:beetroot_seeds":3,"minecraft:quartz_block":4,"minecraft:melon_seeds":6,"horror_element_mod:blood_3":1,"minecraft:light_gray_bed":1,"minecraft:oak_sapling":1,"minecraft:chest":5,"minecraft:ladder":5,"bunker_down:steel_block":2,"minecraft:spider_eye":35,"minecraft:stone_bricks":3,"minecraft:iron_bars":3,"minecraft:arrow":17,"minecraft:bow":3,"minecraft:stone_pickaxe":3,"minecraft:wooden_pickaxe":3,"minecraft:stone_brick_stairs":5,"biomesoplenty:tall_lavender":4},"minecraft:mined":{"minecraft:deepslate_tiles":2,"minecraft:white_bed":2,"biomesoplenty:cherry_log":2,"horror_element_mod:blood_3":1,"alexs_armoury:tanning_rack":4,"minecraft:ladder":1,"minecraft:grass_block":12,"minecraft:white_stained_glass":2,"minecraft:light_gray_bed":5,"minecraft:moss_block":3,"minecraft:spawner":4,"minecraft:light_blue_stained_glass":9,"minecraft:sculk_catalyst":1,"horror_element_mod:villager_head":1,"biomesoplenty:lavender":4,"minecraft:anvil":2,"bunker_down:steel_vent":1,"minecraft:sculk_shrieker":2,"minecraft:iron_bars":3,"horror_element_mod:crucified_body":1,"minecraft:stone":16,"minecraft:quartz_block":2,"minecraft:cyan_terracotta":1,"minecraft:blue_stained_glass":3,"minecraft:crafting_table":1,"minecraft:torch":2,"minecraft:light_gray_terracotta":7,"minecraft:gray_stained_glass":11,"minecraft:white_stained_glass_pane":2,"minecraft:glass":5,"minecraft:cobblestone":12,"minecraft:wall_torch":9,"minecraft:cobblestone_wall":2,"biomesoplenty:white_cherry_leaves":2,"minecraft:grass":2,"minecraft:oak_log":7,"minecraft:dirt":24,"minecraft:oak_leaves":2},"minecraft:killed_by":{"minecraft:husk":5,"mutantmonsters:mutant_zombie":4,"minecraft:player":6,"minecraft:stray":3,"minecraft:creeper":17,"minecraft:spider":4,"mutantmonsters:mutant_enderman":4,"zombieinvasion:party_zombie":7,"zombieinvasion:floaty_zombie":1,"hordes:zombie_player":23,"minecraft:zombie_horse":4,"minecraft:drowned":4,"mutantmonsters:mutant_creeper":10,"hordes:drowned_player":5,"mutantmonsters:mutant_skeleton":2,"minecraft:skeleton":24,"mutantmonsters:creeper_minion":7,"minecraft:zombie":32,"kevin_trophy:blister_zombie":4,"zombieinvasion:knight_zombie":25},"minecraft:used":{"minecraft:stone_sword":303,"minecraft:ladder":6,"minecraft:chest":1,"minecraft:zombie_spawn_egg":67,"minecraft:rotten_flesh":28,"minecraft:torch":13,"create:ochrum":1,"minecraft:dirt":50,"minecraft:skeleton_spawn_egg":4,"minecraft:cobblestone_wall":1,"minecraft:carrot":24,"minecraft:granite":1,"mutantmonsters:mutant_creeper_spawn_egg":9,"mutantmonsters:spider_pig_spawn_egg":1,"minecraft:cyan_terracotta":1,"biomesoplenty:tall_lavender":1,"minecraft:birch_sapling":1,"minecraft:quartz_block":5,"alexs_armoury:tanning_rack":4,"mutantmonsters:creeper_minion_spawn_egg":1,"bunker_down:airlock_iron_door":1,"minecraft:bow":7,"minecraft:oak_sapling":3,"minecraft:egg":3,"minecraft:potato":2,"minecraft:light_gray_bed":5,"minecraft:water_bucket":1,"bunker_down:steel_vent":1,"minecraft:stone_pickaxe":32,"minecraft:oak_planks":2,"minecraft:wooden_pickaxe":29,"biomesoplenty:lavender":1,"zombieinvasion:knight_zombie_spawn_egg":9,"minecraft:golden_apple":1,"minecraft:sand":1,"minecraft:crafting_table":1,"minecraft:light_gray_terracotta":5,"minecraft:creeper_spawn_egg":120,"minecraft:deepslate_tiles":2,"minecraft:gray_terracotta":9,"bunker_down:steel_block":1,"minecraft:light_gray_concrete":7,"minecraft:bread":1,"zombieinvasion:party_zombie_spawn_egg":5,"mutantmonsters:mutant_zombie_spawn_egg":1,"minecraft:wooden_sword":10,"minecraft:cobblestone":108,"minecraft:cooked_porkchop":60,"minecraft:smooth_stone_slab":3,"minecraft:gray_stained_glass":2,"minecraft:chainmail_leggings":1}},"DataVersion":3120}