{"stats":{"minecraft:used":{"minecraft:flint_and_steel":43,"minecraft:pig_spawn_egg":2,"minecraft:dirt":1,"minecraft:cooked_porkchop":8},"minecraft:picked_up":{"minecraft:cooked_porkchop":64,"minecraft:leather":2,"minecraft:string":3,"minecraft:arrow":5,"tacz:ammo":180,"minecraft:bone":6,"minecraft:rotten_flesh":14,"minecraft:beef":4},"minecraft:custom":{"minecraft:time_since_rest":1956,"minecraft:sprint_one_cm":25392,"minecraft:damage_taken":1265,"minecraft:walk_one_cm":47702,"minecraft:mob_kills":45,"minecraft:drop":6,"minecraft:damage_dealt":40,"minecraft:damage_dealt_absorbed":41,"minecraft:fly_one_cm":255827,"minecraft:open_chest":1,"minecraft:play_time":34456,"minecraft:crouch_one_cm":295,"minecraft:deaths":2,"minecraft:sneak_time":712,"minecraft:walk_under_water_one_cm":1961,"minecraft:jump":394,"minecraft:damage_dealt_resisted":170,"minecraft:leave_game":3,"minecraft:time_since_death":1667,"minecraft:walk_on_water_one_cm":8242,"minecraft:climb_one_cm":1739,"minecraft:total_world_time":34456,"minecraft:fall_one_cm":3527},"minecraft:dropped":{"minecraft:cooked_porkchop":64,"enigmaticgraves:grave_finder":1,"tacz:modern_kinetic_gun":1,"tacz:ammo":180},"minecraft:killed_by":{"apocalypsenow:runner_45":1,"apocalypsenow:runner_46":1},"minecraft:killed":{"minecraft:cat":1,"minecraft:skeleton":7,"zombieinvasion:floaty_zombie":1,"minecraft:zombie":9,"mca:male_zombie_villager":2,"minecraft:witch":1,"apocalypsenow:runner_48":1,"apocalypsenow:runner_40":1,"apocalypsenow:runner_43":1,"apocalypsenow:cockroach":1,"apocalypsenow:runner_44":4,"minecraft:spider":2,"apocalypsenow:runner_38":1,"apocalypsenow:runner_34":1,"minecraft:slime":5,"apocalypsenow:runner_54":1,"apocalypsenow:runner_35":1,"rottencreatures:swampy":1,"minecraft:creeper":2,"minecraft:cow":2}},"DataVersion":3120}