{"stats":{"minecraft:custom":{"minecraft:jump":5,"minecraft:time_since_rest":1082,"minecraft:damage_dealt":198,"minecraft:deaths":1,"minecraft:leave_game":4,"minecraft:play_time":21235,"minecraft:sprint_one_cm":316,"minecraft:time_since_death":1056,"minecraft:walk_one_cm":3783,"minecraft:sneak_time":395,"minecraft:total_world_time":23314,"minecraft:mob_kills":1,"minecraft:fly_one_cm":197044},"minecraft:killed":{"minecraft:zombie":1},"minecraft:picked_up":{"bunker_down:steel_block":5,"bunker_down:airlock_iron_door":1,"minecraft:rotten_flesh":1,"minecraft:cobblestone":7},"minecraft:used":{"bunker_down:airlock_iron_door":1,"bunker_down:steel_block":1,"minecraft:wooden_sword":6,"minecraft:cobblestone":13}},"DataVersion":3120}