{"stats":{"minecraft:used":{"bunker_down:brittle_pickaxe":3},"minecraft:mined":{"minecraft:light_gray_bed":4,"minecraft:cobblestone":2,"minecraft:stone":1,"minecraft:wall_torch":2},"minecraft:dropped":{"minecraft:cobblestone":1,"enigmaticgraves:grave_finder":1},"minecraft:picked_up":{"minecraft:light_gray_bed":4,"minecraft:torch":2,"minecraft:chest":1,"minecraft:cobblestone":3},"minecraft:custom":{"minecraft:time_since_rest":14678,"minecraft:open_chest":10,"minecraft:crouch_one_cm":294,"minecraft:sprint_one_cm":29245,"minecraft:play_time":29905,"minecraft:walk_one_cm":34512,"minecraft:damage_taken":10,"minecraft:deaths":1,"minecraft:sneak_time":497,"minecraft:walk_under_water_one_cm":1077,"minecraft:drop":2,"minecraft:jump":364,"minecraft:damage_dealt":20,"minecraft:leave_game":3,"minecraft:walk_on_water_one_cm":381,"minecraft:time_since_death":14657,"minecraft:climb_one_cm":10384,"minecraft:total_world_time":31984,"minecraft:swim_one_cm":2135,"minecraft:fall_one_cm":7036,"minecraft:fly_one_cm":218596}},"DataVersion":3120}