{"stats":{"minecraft:custom":{"minecraft:jump":332,"minecraft:time_since_rest":2678,"minecraft:deaths":1,"minecraft:damage_dealt":20,"minecraft:crouch_one_cm":294,"minecraft:leave_game":3,"minecraft:play_time":17905,"minecraft:sprint_one_cm":24524,"minecraft:time_since_death":2657,"minecraft:walk_on_water_one_cm":381,"minecraft:walk_one_cm":15726,"minecraft:sneak_time":497,"minecraft:total_world_time":19984,"minecraft:climb_one_cm":1292,"minecraft:walk_under_water_one_cm":1077,"minecraft:swim_one_cm":2135,"minecraft:fall_one_cm":7036,"minecraft:fly_one_cm":217223}},"DataVersion":3120}