{"stats":{"minecraft:killed_by":{"minecraft:player":1,"minecraft:skeleton":4,"minecraft:creeper":2,"minecraft:spider":1,"minecraft:zombie":2,"zombieinvasion:party_zombie":1,"zombieinvasion:floaty_zombie":1,"hordes:zombie_player":2,"zombieinvasion:knight_zombie":6},"minecraft:mined":{"minecraft:deepslate_tiles":2,"biomesoplenty:cherry_log":2,"minecraft:cyan_terracotta":1,"minecraft:torch":1,"minecraft:grass_block":2,"minecraft:gray_stained_glass":2,"minecraft:light_gray_bed":5,"minecraft:wall_torch":3,"minecraft:spawner":2,"minecraft:cobblestone_wall":1,"biomesoplenty:white_cherry_leaves":2,"minecraft:anvil":2,"minecraft:oak_log":6,"minecraft:iron_bars":1,"minecraft:stone":12},"minecraft:killed":{"hordes:zombie_player":6,"minecraft:spider":2,"minecraft:skeleton":3,"zombieinvasion:floaty_zombie":1,"zombieinvasion:knight_zombie":1,"minecraft:zombie":4},"minecraft:dropped":{"minecraft:cobblestone_wall":1,"minecraft:torch":2},"minecraft:crafted":{"minecraft:oak_planks":24,"biomesoplenty:cherry_planks":12,"minecraft:wooden_pickaxe":1,"minecraft:stick":4,"minecraft:stone_pickaxe":1,"minecraft:stone_sword":1},"minecraft:used":{"minecraft:stone_sword":49,"minecraft:stone_pickaxe":13,"minecraft:wooden_pickaxe":12,"minecraft:rotten_flesh":6,"minecraft:torch":2,"minecraft:deepslate_tiles":2,"bunker_down:steel_block":1,"minecraft:cyan_terracotta":1,"biomesoplenty:tall_lavender":1,"minecraft:birch_sapling":1,"bunker_down:airlock_iron_door":1,"minecraft:wooden_sword":6,"minecraft:cobblestone":13,"minecraft:oak_sapling":3,"minecraft:smooth_stone_slab":3,"minecraft:light_gray_bed":2},"minecraft:picked_up":{"minecraft:anvil":6,"minecraft:wooden_pickaxe":2,"minecraft:oak_log":6,"enigmaticgraves:grave_finder":7,"bunker_down:airlock_iron_door":1,"minecraft:cobblestone_wall":1,"minecraft:gunpowder":4,"minecraft:string":4,"minecraft:dirt":6,"bunker_down:steel_block":5,"minecraft:smooth_stone_slab":3,"biomesoplenty:tall_lavender":1,"minecraft:kelp":4,"minecraft:deepslate_tiles":7,"minecraft:stone_pickaxe":2,"biomesoplenty:cherry_planks":14,"biomesoplenty:cherry_log":3,"minecraft:birch_sapling":1,"minecraft:oak_planks":48,"minecraft:stick":4,"minecraft:torch":7,"minecraft:rotten_flesh":10,"minecraft:stone_sword":2,"minecraft:light_gray_bed":2,"minecraft:cyan_terracotta":3,"minecraft:oak_sapling":3,"minecraft:music_disc_wait":2,"minecraft:iron_bars":3,"minecraft:cobblestone":33},"minecraft:custom":{"minecraft:mob_kills":17,"minecraft:interact_with_crafting_table":6,"minecraft:leave_game":4,"minecraft:time_since_death":2150,"minecraft:sleep_in_bed":1,"minecraft:climb_one_cm":69512,"minecraft:time_since_rest":2173,"minecraft:sprint_one_cm":165042,"minecraft:walk_one_cm":272180,"minecraft:damage_taken":7246,"minecraft:drop":3,"minecraft:damage_dealt":3141,"minecraft:swim_one_cm":10291,"minecraft:fly_one_cm":591511,"minecraft:player_kills":1,"minecraft:open_chest":6,"minecraft:crouch_one_cm":1176,"minecraft:play_time":92249,"minecraft:deaths":24,"minecraft:sneak_time":902,"minecraft:walk_under_water_one_cm":7491,"minecraft:jump":2175,"minecraft:walk_on_water_one_cm":9377,"minecraft:total_world_time":94328,"minecraft:fall_one_cm":51614}},"DataVersion":3120}