{"stats":{"minecraft:killed_by":{"minecraft:player":3,"minecraft:stray":3,"minecraft:creeper":9,"minecraft:spider":3,"zombieinvasion:party_zombie":4,"hordes:zombie_player":10,"zombieinvasion:floaty_zombie":1,"minecraft:zombie_horse":2,"mutantmonsters:mutant_creeper":1,"mutantmonsters:mutant_skeleton":2,"minecraft:skeleton":8,"mutantmonsters:creeper_minion":2,"minecraft:zombie":18,"kevin_trophy:blister_zombie":3,"zombieinvasion:knight_zombie":18},"minecraft:mined":{"minecraft:deepslate_tiles":2,"biomesoplenty:cherry_log":2,"minecraft:white_bed":1,"horror_element_mod:blood_3":1,"minecraft:ladder":1,"minecraft:grass_block":7,"minecraft:white_stained_glass":2,"minecraft:light_gray_bed":5,"minecraft:spawner":4,"minecraft:light_blue_stained_glass":6,"minecraft:sculk_catalyst":1,"horror_element_mod:villager_head":1,"biomesoplenty:lavender":1,"minecraft:anvil":2,"bunker_down:steel_vent":1,"minecraft:sculk_shrieker":2,"minecraft:iron_bars":3,"horror_element_mod:crucified_body":1,"minecraft:stone":13,"minecraft:cyan_terracotta":1,"minecraft:torch":1,"minecraft:light_gray_terracotta":7,"minecraft:gray_stained_glass":3,"minecraft:glass":1,"minecraft:cobblestone":5,"minecraft:wall_torch":3,"minecraft:cobblestone_wall":2,"biomesoplenty:white_cherry_leaves":2,"minecraft:oak_log":7,"minecraft:dirt":13,"minecraft:oak_leaves":2},"minecraft:killed":{"minecraft:cave_spider":1,"hordes:zombie_player":21,"minecraft:spider":5,"minecraft:skeleton":14,"zombieinvasion:floaty_zombie":4,"rottencreatures:undead_miner":1,"minecraft:creeper":4,"kevin_trophy:crawler_zombie":2,"zombieinvasion:knight_zombie":6,"minecraft:zombie":13,"zombieinvasion:party_zombie":3},"minecraft:dropped":{"bunker_down:steel_vent":3,"minecraft:stone_hoe":1,"minecraft:piston":6,"minecraft:wheat_seeds":35,"minecraft:diamond":2,"minecraft:crafting_table":1,"minecraft:cooked_porkchop":38,"biomesoplenty:lavender":3,"minecraft:cobblestone":70,"enigmaticgraves:grave_finder":37,"minecraft:leather":3,"create:crimsite":18,"minecraft:rail":17,"minecraft:coal":11,"minecraft:stick":1,"minecraft:gold_block":5,"minecraft:iron_block":3,"minecraft:dirt":49,"mca:book_romance":1,"minecraft:diorite":13,"minecraft:torch":2,"minecraft:mutton":1,"minecraft:chain":2,"minecraft:music_disc_wait":2,"minecraft:string":6,"minecraft:dandelion":4,"minecraft:bone":22,"minecraft:redstone":2,"minecraft:anvil":2,"minecraft:stone_axe":2,"minecraft:kelp":30,"biomesoplenty:cherry_planks":14,"minecraft:stone_sword":2,"minecraft:cobblestone_wall":1,"minecraft:raw_copper":6,"minecraft:beetroot":1,"minecraft:rotten_flesh":94,"minecraft:oak_planks":24,"horror_element_mod:blood_7":1,"mekanism:raw_tin":6,"minecraft:pumpkin_seeds":14,"minecraft:poppy":2,"minecraft:potato":4,"minecraft:gray_terracotta":25,"minecraft:gunpowder":22,"minecraft:iron_chestplate":1,"minecraft:beetroot_seeds":3,"minecraft:melon_seeds":4,"minecraft:quartz_stairs":8,"horror_element_mod:blood_3":1,"minecraft:light_gray_bed":1,"minecraft:ladder":3,"minecraft:chest":5,"minecraft:oak_sapling":1,"bunker_down:steel_block":2,"minecraft:spider_eye":14,"minecraft:stone_bricks":2,"minecraft:arrow":2,"minecraft:iron_bars":2,"minecraft:bow":2,"minecraft:wooden_pickaxe":2,"minecraft:stone_pickaxe":2,"minecraft:stone_brick_stairs":2},"minecraft:crafted":{"minecraft:oak_planks":24,"biomesoplenty:cherry_planks":12,"minecraft:stone_pickaxe":1,"minecraft:wooden_pickaxe":1,"minecraft:stick":4,"minecraft:stone_sword":2},"minecraft:used":{"minecraft:stone_sword":291,"minecraft:ladder":6,"minecraft:zombie_spawn_egg":34,"minecraft:rotten_flesh":13,"minecraft:torch":2,"create:ochrum":1,"minecraft:dirt":39,"minecraft:skeleton_spawn_egg":4,"minecraft:cobblestone_wall":1,"minecraft:carrot":16,"minecraft:granite":1,"mutantmonsters:mutant_creeper_spawn_egg":3,"minecraft:cyan_terracotta":1,"biomesoplenty:tall_lavender":1,"minecraft:birch_sapling":1,"minecraft:quartz_block":5,"mutantmonsters:creeper_minion_spawn_egg":1,"bunker_down:airlock_iron_door":1,"minecraft:bow":7,"minecraft:oak_sapling":3,"minecraft:potato":2,"minecraft:light_gray_bed":5,"bunker_down:steel_vent":1,"minecraft:stone_pickaxe":25,"minecraft:oak_planks":2,"minecraft:wooden_pickaxe":23,"zombieinvasion:knight_zombie_spawn_egg":9,"minecraft:light_gray_terracotta":5,"minecraft:deepslate_tiles":2,"minecraft:creeper_spawn_egg":55,"minecraft:gray_terracotta":5,"bunker_down:steel_block":1,"minecraft:light_gray_concrete":7,"minecraft:bread":1,"zombieinvasion:party_zombie_spawn_egg":5,"minecraft:wooden_sword":6,"minecraft:cobblestone":104,"minecraft:cooked_porkchop":54,"minecraft:smooth_stone_slab":3,"minecraft:chainmail_leggings":1},"minecraft:picked_up":{"minecraft:crafting_table":1,"minecraft:iron_chestplate":1,"minecraft:ladder":15,"minecraft:anvil":10,"minecraft:wooden_pickaxe":13,"minecraft:gold_block":5,"minecraft:stone_brick_stairs":8,"minecraft:chain":9,"minecraft:string":21,"minecraft:raw_copper":6,"minecraft:smooth_stone_slab":8,"horror_element_mod:blood_3":1,"biomesoplenty:tall_lavender":1,"minecraft:beetroot":1,"minecraft:cracked_stone_bricks":3,"minecraft:deepslate_tiles":7,"minecraft:poppy":2,"biomesoplenty:cherry_planks":35,"minecraft:quartz_stairs":8,"minecraft:chest":5,"minecraft:birch_sapling":2,"minecraft:piston":6,"minecraft:stick":6,"minecraft:torch":8,"minecraft:diorite":13,"minecraft:carrot":21,"minecraft:redstone":3,"mekanism:raw_tin":6,"minecraft:quartz_block":19,"minecraft:stone_sword":14,"minecraft:arrow":58,"minecraft:light_gray_bed":5,"minecraft:rotten_flesh":308,"minecraft:beetroot_seeds":3,"create:ochrum":1,"minecraft:iron_block":3,"minecraft:cyan_terracotta":8,"mutantmonsters:mutant_creeper_spawn_egg":1,"minecraft:gold_ingot":5,"minecraft:music_disc_wait":5,"minecraft:mutton":1,"minecraft:iron_bars":10,"minecraft:rail":66,"minecraft:cobblestone":262,"biomesoplenty:lavender":3,"bunker_down:ceiling_lamp":1,"minecraft:iron_door":1,"minecraft:leather":3,"bunker_down:steel_vent":16,"minecraft:potato":6,"minecraft:oak_log":7,"enigmaticgraves:grave_finder":88,"bunker_down:airlock_iron_door":1,"minecraft:cobblestone_wall":4,"minecraft:gunpowder":58,"minecraft:dirt":214,"bunker_down:steel_block":7,"minecraft:bone":96,"minecraft:stone_bricks":14,"minecraft:gray_terracotta":44,"minecraft:kelp":117,"minecraft:bow":9,"minecraft:wheat_seeds":35,"minecraft:iron_ingot":1,"minecraft:stone_pickaxe":13,"minecraft:mossy_stone_bricks":1,"biomesoplenty:cherry_log":3,"minecraft:stone_hoe":1,"minecraft:oak_planks":96,"horror_element_mod:blood_7":1,"minecraft:cooked_porkchop":90,"minecraft:dandelion":4,"minecraft:quartz":2,"minecraft:spider_eye":56,"minecraft:light_gray_concrete":15,"minecraft:light_gray_terracotta":42,"minecraft:pumpkin_seeds":63,"create:crimsite":81,"minecraft:diamond":9,"minecraft:stone_axe":10,"minecraft:chainmail_leggings":2,"minecraft:bread":1,"minecraft:oak_sapling":5,"minecraft:melon_seeds":16,"minecraft:coal":42},"minecraft:custom":{"minecraft:mob_kills":85,"minecraft:interact_with_crafting_table":9,"minecraft:open_barrel":2,"minecraft:leave_game":8,"minecraft:time_since_death":0,"minecraft:climb_one_cm":177591,"minecraft:sprint_one_cm":1087593,"minecraft:walk_one_cm":1346558,"minecraft:drop":162,"minecraft:play_time":449692,"minecraft:deaths":98,"minecraft:sneak_time":15528,"minecraft:walk_under_water_one_cm":19459,"minecraft:jump":12279,"minecraft:interact_with_brewingstand":1,"minecraft:walk_on_water_one_cm":37982,"minecraft:total_world_time":451771,"minecraft:interact_with_furnace":2,"minecraft:sleep_in_bed":9,"minecraft:time_since_rest":23,"minecraft:damage_taken":32503,"minecraft:damage_dealt":17028,"minecraft:swim_one_cm":56765,"minecraft:fly_one_cm":3273335,"minecraft:player_kills":5,"minecraft:open_chest":34,"minecraft:crouch_one_cm":61653,"minecraft:interact_with_smoker":2,"minecraft:fall_one_cm":316365}},"DataVersion":3120}