{
  "mekanism:root": {
    "criteria": {
      "automatic": "2024-07-21 16:12:42 +0000"
    },
    "done": true
  },
  "biomesoplenty:biomesoplenty/root": {
    "criteria": {
      "lavender_field": "2024-07-21 16:12:44 +0000"
    },
    "done": true
  },
  "bunker_down:first_joined_world": {
    "criteria": {
      "first_joined_world": "2024-07-21 16:12:42 +0000"
    },
    "done": true
  },
  "biomesoplenty:biomesoplenty/all_biomes": {
    "criteria": {
      "spider_nest": "2024-07-21 16:12:46 +0000",
      "lavender_field": "2024-07-21 16:12:44 +0000"
    },
    "done": false
  },
  "DataVersion": 3120
}